,Unnamed: 0,Promoter,Share,BSE Code,NSE Code,Price,MCap,TotalShares,CaptureDate,Date
5395,5395,President Of India,56.89,500108,MTNL,61.6,38780000000.0,629545454.5454545,Sep 2021,01-09-2021
5396,5396,President Of India,56.89,500108,MTNL,61.6,38780000000.0,629545454.5454545,Dec 2021,01-12-2021
5397,5397,President Of India,56.89,500108,MTNL,61.6,38780000000.0,629545454.5454545,Mar 2022,01-03-2022
5398,5398,President Of India,56.89,500108,MTNL,61.6,38780000000.0,629545454.5454545,Jun 2022,01-06-2022
5399,5399,President Of India,56.89,500108,MTNL,61.6,38780000000.0,629545454.5454545,Sep 2022,01-09-2022
5400,5400,President Of India,56.82,500108,MTNL,61.6,38780000000.0,629545454.5454545,Dec 2022,01-12-2022
5401,5401,President Of India,56.82,500108,MTNL,61.6,38780000000.0,629545454.5454545,Mar 2023,01-03-2023
5402,5402,President Of India,56.82,500108,MTNL,61.6,38780000000.0,629545454.5454545,Jun 2023,01-06-2023
5403,5403,President Of India,56.82,500108,MTNL,61.6,38780000000.0,629545454.5454545,Sep 2023,01-09-2023
5404,5404,President Of India,56.25,500108,MTNL,61.6,38780000000.0,629545454.5454545,Dec 2023,01-12-2023
5405,5405,President Of India,56.25,500108,MTNL,61.6,38780000000.0,629545454.5454545,Mar 2024,01-03-2024
5406,5406,President Of India,56.25,500108,MTNL,61.6,38780000000.0,629545454.5454545,Jun 2024,01-06-2024
27124,27124,President Of India,56.66,533106,OIL,682.0,1108940000000.0,1626011730.2052786,Dec 2021,01-12-2021
27125,27125,President Of India,56.66,533106,OIL,682.0,1108940000000.0,1626011730.2052786,Mar 2022,01-03-2022
27126,27126,President Of India,56.66,533106,OIL,682.0,1108940000000.0,1626011730.2052786,Jun 2022,01-06-2022
27127,27127,President Of India,56.66,533106,OIL,682.0,1108940000000.0,1626011730.2052786,Sep 2022,01-09-2022
27128,27128,President Of India,56.66,533106,OIL,682.0,1108940000000.0,1626011730.2052786,Dec 2022,01-12-2022
27129,27129,President Of India,56.66,533106,OIL,682.0,1108940000000.0,1626011730.2052786,Mar 2023,01-03-2023
27130,27130,President Of India,56.66,533106,OIL,682.0,1108940000000.0,1626011730.2052786,Jun 2023,01-06-2023
27131,27131,President Of India,56.66,533106,OIL,682.0,1108940000000.0,1626011730.2052786,Sep 2023,01-09-2023
27132,27132,President Of India,56.66,533106,OIL,682.0,1108940000000.0,1626011730.2052786,Dec 2023,01-12-2023
27133,27133,President Of India,56.66,533106,OIL,682.0,1108940000000.0,1626011730.2052786,Mar 2024,01-03-2024
27134,27134,President Of India,56.66,533106,OIL,682.0,1108940000000.0,1626011730.2052786,Jun 2024,01-06-2024
27135,27135,President Of India,56.66,533106,OIL,682.0,1108940000000.0,1626011730.2052786,Jul 2024,01-07-2024
67000,67000,President Of India,61.75,534309,NBCC,178.0,320740000000.0,1801910112.3595505,Sep 2021,01-09-2021
67001,67001,President Of India,61.75,534309,NBCC,178.0,320740000000.0,1801910112.3595505,Dec 2021,01-12-2021
67002,67002,President Of India,61.75,534309,NBCC,178.0,320740000000.0,1801910112.3595505,Mar 2022,01-03-2022
67003,67003,President Of India,61.75,534309,NBCC,178.0,320740000000.0,1801910112.3595505,Jun 2022,01-06-2022
67004,67004,President Of India,61.75,534309,NBCC,178.0,320740000000.0,1801910112.3595505,Sep 2022,01-09-2022
67005,67005,President Of India,61.75,534309,NBCC,178.0,320740000000.0,1801910112.3595505,Dec 2022,01-12-2022
67006,67006,President Of India,61.75,534309,NBCC,178.0,320740000000.0,1801910112.3595505,Mar 2023,01-03-2023
67007,67007,President Of India,61.75,534309,NBCC,178.0,320740000000.0,1801910112.3595505,Jun 2023,01-06-2023
67008,67008,President Of India,61.75,534309,NBCC,178.0,320740000000.0,1801910112.3595505,Sep 2023,01-09-2023
67009,67009,President Of India,61.75,534309,NBCC,178.0,320740000000.0,1801910112.3595505,Dec 2023,01-12-2023
67010,67010,President Of India,61.75,534309,NBCC,178.0,320740000000.0,1801910112.3595505,Mar 2024,01-03-2024
67011,67011,President Of India,61.75,534309,NBCC,178.0,320740000000.0,1801910112.3595505,Jun 2024,01-06-2024
70298,70298,President Of India,52.98,500547,BPCL,352.0,1528240000000.0,4341590909.090909,Sep 2021,01-09-2021
70299,70299,President Of India,52.98,500547,BPCL,352.0,1528240000000.0,4341590909.090909,Dec 2021,01-12-2021
70300,70300,President Of India,52.98,500547,BPCL,352.0,1528240000000.0,4341590909.090909,Mar 2022,01-03-2022
70301,70301,President Of India,52.98,500547,BPCL,352.0,1528240000000.0,4341590909.090909,Jun 2022,01-06-2022
70302,70302,President Of India,52.98,500547,BPCL,352.0,1528240000000.0,4341590909.090909,Sep 2022,01-09-2022
70303,70303,President Of India,52.98,500547,BPCL,352.0,1528240000000.0,4341590909.090909,Dec 2022,01-12-2022
70304,70304,President Of India,52.98,500547,BPCL,352.0,1528240000000.0,4341590909.090909,Mar 2023,01-03-2023
70305,70305,President Of India,52.98,500547,BPCL,352.0,1528240000000.0,4341590909.090909,Jun 2023,01-06-2023
70306,70306,President Of India,52.98,500547,BPCL,352.0,1528240000000.0,4341590909.090909,Sep 2023,01-09-2023
70307,70307,President Of India,52.98,500547,BPCL,352.0,1528240000000.0,4341590909.090909,Dec 2023,01-12-2023
70308,70308,President Of India,52.98,500547,BPCL,352.0,1528240000000.0,4341590909.090909,Mar 2024,01-03-2024
70309,70309,President Of India,52.98,500547,BPCL,352.0,1528240000000.0,4341590909.090909,Jun 2024,01-06-2024
75013,75013,President Of India,96.5,543526,LICI,1061.0,6713040000000.0,6327087653.157398,Sep 2022,01-09-2022
75014,75014,President Of India,96.5,543526,LICI,1061.0,6713040000000.0,6327087653.157398,Dec 2022,01-12-2022
75015,75015,President Of India,96.5,543526,LICI,1061.0,6713040000000.0,6327087653.157398,Mar 2023,01-03-2023
75016,75016,President Of India,96.5,543526,LICI,1061.0,6713040000000.0,6327087653.157398,Jun 2023,01-06-2023
75017,75017,President Of India,96.5,543526,LICI,1061.0,6713040000000.0,6327087653.157398,Sep 2023,01-09-2023
75018,75018,President Of India,96.5,543526,LICI,1061.0,6713040000000.0,6327087653.157398,Dec 2023,01-12-2023
75019,75019,President Of India,96.5,543526,LICI,1061.0,6713040000000.0,6327087653.157398,Mar 2024,01-03-2024
75020,75020,President Of India,96.5,543526,LICI,1061.0,6713040000000.0,6327087653.157398,Jun 2024,01-06-2024
90055,90055,President Of India,96.38,532388,IOB,62.1,1173650000000.0,18899355877.616745,Dec 2021,01-12-2021
90056,90056,President Of India,96.38,532388,IOB,62.1,1173650000000.0,18899355877.616745,Mar 2022,01-03-2022
90057,90057,President Of India,96.38,532388,IOB,62.1,1173650000000.0,18899355877.616745,Jun 2022,01-06-2022
90058,90058,President Of India,96.38,532388,IOB,62.1,1173650000000.0,18899355877.616745,Sep 2022,01-09-2022
90059,90059,President Of India,96.38,532388,IOB,62.1,1173650000000.0,18899355877.616745,Dec 2022,01-12-2022
90060,90060,President Of India,96.38,532388,IOB,62.1,1173650000000.0,18899355877.616745,Mar 2023,01-03-2023
90061,90061,President Of India,96.38,532388,IOB,62.1,1173650000000.0,18899355877.616745,Jun 2023,01-06-2023
90062,90062,President Of India,96.38,532388,IOB,62.1,1173650000000.0,18899355877.616745,Sep 2023,01-09-2023
90063,90063,President Of India,96.38,532388,IOB,62.1,1173650000000.0,18899355877.616745,Dec 2023,01-12-2023
90064,90064,President Of India,96.38,532388,IOB,62.1,1173650000000.0,18899355877.616745,Mar 2024,01-03-2024
90065,90065,President Of India,96.38,532388,IOB,62.1,1173650000000.0,18899355877.616745,Jun 2024,01-06-2024
92597,92597,President Of India,63.17,500103,BHEL,296.0,1031210000000.0,3483817567.567568,Sep 2021,01-09-2021
92598,92598,President Of India,63.17,500103,BHEL,296.0,1031210000000.0,3483817567.567568,Dec 2021,01-12-2021
92599,92599,President Of India,63.17,500103,BHEL,296.0,1031210000000.0,3483817567.567568,Mar 2022,01-03-2022
92600,92600,President Of India,63.17,500103,BHEL,296.0,1031210000000.0,3483817567.567568,Jun 2022,01-06-2022
92601,92601,President Of India,63.17,500103,BHEL,296.0,1031210000000.0,3483817567.567568,Sep 2022,01-09-2022
92602,92602,President Of India,63.17,500103,BHEL,296.0,1031210000000.0,3483817567.567568,Dec 2022,01-12-2022
92603,92603,President Of India,63.17,500103,BHEL,296.0,1031210000000.0,3483817567.567568,Mar 2023,01-03-2023
92604,92604,President Of India,63.17,500103,BHEL,296.0,1031210000000.0,3483817567.567568,Jun 2023,01-06-2023
92605,92605,President Of India,63.17,500103,BHEL,296.0,1031210000000.0,3483817567.567568,Sep 2023,01-09-2023
92606,92606,President Of India,63.17,500103,BHEL,296.0,1031210000000.0,3483817567.567568,Dec 2023,01-12-2023
92607,92607,President Of India,63.17,500103,BHEL,296.0,1031210000000.0,3483817567.567568,Mar 2024,01-03-2024
92608,92608,President Of India,63.17,500103,BHEL,296.0,1031210000000.0,3483817567.567568,Jun 2024,01-06-2024
102395,102395,President Of India,66.14,513599,HINDCOPPER,316.0,305870000000.0,967943037.9746836,Sep 2021,01-09-2021
102396,102396,President Of India,66.14,513599,HINDCOPPER,316.0,305870000000.0,967943037.9746836,Dec 2021,01-12-2021
102397,102397,President Of India,66.14,513599,HINDCOPPER,316.0,305870000000.0,967943037.9746836,Mar 2022,01-03-2022
102398,102398,President Of India,66.14,513599,HINDCOPPER,316.0,305870000000.0,967943037.9746836,Jun 2022,01-06-2022
102399,102399,President Of India,66.14,513599,HINDCOPPER,316.0,305870000000.0,967943037.9746836,Sep 2022,01-09-2022
102400,102400,President Of India,66.14,513599,HINDCOPPER,316.0,305870000000.0,967943037.9746836,Dec 2022,01-12-2022
102401,102401,President Of India,66.14,513599,HINDCOPPER,316.0,305870000000.0,967943037.9746836,Mar 2023,01-03-2023
102402,102402,President Of India,66.14,513599,HINDCOPPER,316.0,305870000000.0,967943037.9746836,Jun 2023,01-06-2023
102403,102403,President Of India,66.14,513599,HINDCOPPER,316.0,305870000000.0,967943037.9746836,Sep 2023,01-09-2023
102404,102404,President Of India,66.14,513599,HINDCOPPER,316.0,305870000000.0,967943037.9746836,Dec 2023,01-12-2023
102405,102405,President Of India,66.14,513599,HINDCOPPER,316.0,305870000000.0,967943037.9746836,Mar 2024,01-03-2024
102406,102406,President Of India,66.14,513599,HINDCOPPER,316.0,305870000000.0,967943037.9746836,Jun 2024,01-06-2024
106182,106182,President Of India,81.41,532149,BANKINDIA,121.0,548870000000.0,4536115702.479339,Sep 2021,01-09-2021
106183,106183,President Of India,81.41,532149,BANKINDIA,121.0,548870000000.0,4536115702.479339,Dec 2021,01-12-2021
106184,106184,President Of India,81.41,532149,BANKINDIA,121.0,548870000000.0,4536115702.479339,Mar 2022,01-03-2022
106185,106185,President Of India,81.41,532149,BANKINDIA,121.0,548870000000.0,4536115702.479339,Jun 2022,01-06-2022
106186,106186,President Of India,81.41,532149,BANKINDIA,121.0,548870000000.0,4536115702.479339,Sep 2022,01-09-2022
106187,106187,President Of India,81.41,532149,BANKINDIA,121.0,548870000000.0,4536115702.479339,Dec 2022,01-12-2022
106188,106188,President Of India,81.41,532149,BANKINDIA,121.0,548870000000.0,4536115702.479339,Mar 2023,01-03-2023
106189,106189,President Of India,81.41,532149,BANKINDIA,121.0,548870000000.0,4536115702.479339,Jun 2023,01-06-2023
106190,106190,President Of India,81.41,532149,BANKINDIA,121.0,548870000000.0,4536115702.479339,Sep 2023,01-09-2023
106192,106192,President Of India,73.38,532149,BANKINDIA,121.0,548870000000.0,4536115702.479339,Mar 2024,01-03-2024
106193,106193,President Of India,73.38,532149,BANKINDIA,121.0,548870000000.0,4536115702.479339,Jun 2024,01-06-2024
106468,106468,President Of India,0.0,500483,TATACOMM,1927.0,549080000000.0,284940321.743643,Sep 2021,01-09-2021
106472,106472,President Of India,0.0,500483,TATACOMM,1927.0,549080000000.0,284940321.743643,Dec 2021,01-12-2021
106476,106476,President Of India,0.0,500483,TATACOMM,1927.0,549080000000.0,284940321.743643,Mar 2022,01-03-2022
106480,106480,President Of India,0.0,500483,TATACOMM,1927.0,549080000000.0,284940321.743643,Jun 2022,01-06-2022
106484,106484,President Of India,0.0,500483,TATACOMM,1927.0,549080000000.0,284940321.743643,Sep 2022,01-09-2022
106488,106488,President Of India,0.0,500483,TATACOMM,1927.0,549080000000.0,284940321.743643,Dec 2022,01-12-2022
106492,106492,President Of India,0.0,500483,TATACOMM,1927.0,549080000000.0,284940321.743643,Mar 2023,01-03-2023
106496,106496,President Of India,0.0,500483,TATACOMM,1927.0,549080000000.0,284940321.743643,Jun 2023,01-06-2023
106500,106500,President Of India,0.0,500483,TATACOMM,1927.0,549080000000.0,284940321.743643,Sep 2023,01-09-2023
106504,106504,President Of India,0.0,500483,TATACOMM,1927.0,549080000000.0,284940321.743643,Dec 2023,01-12-2023
106508,106508,President Of India,0.0,500483,TATACOMM,1927.0,549080000000.0,284940321.743643,Mar 2024,01-03-2024
106512,106512,President Of India,0.0,500483,TATACOMM,1927.0,549080000000.0,284940321.743643,Jun 2024,01-06-2024
113248,113248,President Of India,54.03,543898,BLAL,275.0,11450000000.0,41636363.63636363,Jun 2023,01-06-2023
113250,113250,President Of India,54.03,543898,BLAL,275.0,11450000000.0,41636363.63636363,Dec 2023,01-12-2023
113251,113251,President Of India,54.03,543898,BLAL,275.0,11450000000.0,41636363.63636363,Mar 2024,01-03-2024
113252,113252,President Of India,54.03,543898,BLAL,275.0,11450000000.0,41636363.63636363,Jun 2024,01-06-2024
114955,114955,President Of India,72.2,541556,RITES,652.0,156590000000.0,240168711.6564417,Sep 2021,01-09-2021
114956,114956,President Of India,72.2,541556,RITES,652.0,156590000000.0,240168711.6564417,Dec 2021,01-12-2021
114957,114957,President Of India,72.2,541556,RITES,652.0,156590000000.0,240168711.6564417,Mar 2022,01-03-2022
114958,114958,President Of India,72.2,541556,RITES,652.0,156590000000.0,240168711.6564417,Jun 2022,01-06-2022
114959,114959,President Of India,72.2,541556,RITES,652.0,156590000000.0,240168711.6564417,Sep 2022,01-09-2022
114960,114960,President Of India,72.2,541556,RITES,652.0,156590000000.0,240168711.6564417,Dec 2022,01-12-2022
114961,114961,President Of India,72.2,541556,RITES,652.0,156590000000.0,240168711.6564417,Mar 2023,01-03-2023
114962,114962,President Of India,72.2,541556,RITES,652.0,156590000000.0,240168711.6564417,Jun 2023,01-06-2023
114963,114963,President Of India,72.2,541556,RITES,652.0,156590000000.0,240168711.6564417,Sep 2023,01-09-2023
114964,114964,President Of India,72.2,541556,RITES,652.0,156590000000.0,240168711.6564417,Dec 2023,01-12-2023
114965,114965,President Of India,72.2,541556,RITES,652.0,156590000000.0,240168711.6564417,Mar 2024,01-03-2024
114966,114966,President Of India,72.2,541556,RITES,652.0,156590000000.0,240168711.6564417,Jun 2024,01-06-2024
131496,131496,President Of India,51.32,532178,ENGINERSIN,215.0,121090000000.0,563209302.3255814,Sep 2021,01-09-2021
131497,131497,President Of India,51.32,532178,ENGINERSIN,215.0,121090000000.0,563209302.3255814,Dec 2021,01-12-2021
131498,131498,President Of India,51.32,532178,ENGINERSIN,215.0,121090000000.0,563209302.3255814,Mar 2022,01-03-2022
131499,131499,President Of India,51.32,532178,ENGINERSIN,215.0,121090000000.0,563209302.3255814,Jun 2022,01-06-2022
131500,131500,President Of India,51.32,532178,ENGINERSIN,215.0,121090000000.0,563209302.3255814,Sep 2022,01-09-2022
131501,131501,President Of India,51.32,532178,ENGINERSIN,215.0,121090000000.0,563209302.3255814,Dec 2022,01-12-2022
131502,131502,President Of India,51.32,532178,ENGINERSIN,215.0,121090000000.0,563209302.3255814,Mar 2023,01-03-2023
131503,131503,President Of India,51.32,532178,ENGINERSIN,215.0,121090000000.0,563209302.3255814,Jun 2023,01-06-2023
131504,131504,President Of India,51.32,532178,ENGINERSIN,215.0,121090000000.0,563209302.3255814,Sep 2023,01-09-2023
131505,131505,President Of India,51.32,532178,ENGINERSIN,215.0,121090000000.0,563209302.3255814,Dec 2023,01-12-2023
131506,131506,President Of India,51.32,532178,ENGINERSIN,215.0,121090000000.0,563209302.3255814,Mar 2024,01-03-2024
131507,131507,President Of India,51.32,532178,ENGINERSIN,215.0,121090000000.0,563209302.3255814,Jun 2024,01-06-2024
131765,131765,President Of India,90.06,523610,ITI,297.0,285000000000.0,959595959.5959595,Sep 2021,01-09-2021
131767,131767,President Of India,90.06,523610,ITI,297.0,285000000000.0,959595959.5959595,Dec 2021,01-12-2021
131769,131769,President Of India,89.97,523610,ITI,297.0,285000000000.0,959595959.5959595,Mar 2022,01-03-2022
131771,131771,President Of India,90.06,523610,ITI,297.0,285000000000.0,959595959.5959595,Jun 2022,01-06-2022
131773,131773,President Of India,90.06,523610,ITI,297.0,285000000000.0,959595959.5959595,Sep 2022,01-09-2022
131775,131775,President Of India,90.14,523610,ITI,297.0,285000000000.0,959595959.5959595,Dec 2022,01-12-2022
131777,131777,President Of India,90.14,523610,ITI,297.0,285000000000.0,959595959.5959595,Mar 2023,01-03-2023
131779,131779,President Of India,90.25,523610,ITI,297.0,285000000000.0,959595959.5959595,Jun 2023,01-06-2023
131781,131781,President Of India,90.25,523610,ITI,297.0,285000000000.0,959595959.5959595,Sep 2023,01-09-2023
131783,131783,President Of India,90.25,523610,ITI,297.0,285000000000.0,959595959.5959595,Dec 2023,01-12-2023
131785,131785,President Of India,89.97,523610,ITI,297.0,285000000000.0,959595959.5959595,Mar 2024,01-03-2024
131787,131787,President Of India,89.97,523610,ITI,297.0,285000000000.0,959595959.5959595,Jun 2024,01-06-2024
142371,142371,President Of India,64.74,542597,MSTCLTD,817.0,57530000000.0,70416156.67074664,Sep 2021,01-09-2021
142377,142377,President Of India,64.74,542597,MSTCLTD,817.0,57530000000.0,70416156.67074664,Dec 2021,01-12-2021
142383,142383,President Of India,64.74,542597,MSTCLTD,817.0,57530000000.0,70416156.67074664,Mar 2022,01-03-2022
142389,142389,President Of India,64.74,542597,MSTCLTD,817.0,57530000000.0,70416156.67074664,Jun 2022,01-06-2022
142395,142395,President Of India,64.74,542597,MSTCLTD,817.0,57530000000.0,70416156.67074664,Sep 2022,01-09-2022
142401,142401,President Of India,64.74,542597,MSTCLTD,817.0,57530000000.0,70416156.67074664,Dec 2022,01-12-2022
142407,142407,President Of India,64.74,542597,MSTCLTD,817.0,57530000000.0,70416156.67074664,Mar 2023,01-03-2023
142413,142413,President Of India,64.75,542597,MSTCLTD,817.0,57530000000.0,70416156.67074664,Jun 2023,01-06-2023
142414,142414,President Of India,64.75,542597,MSTCLTD,817.0,57530000000.0,70416156.67074664,Sep 2023,01-09-2023
142415,142415,President Of India,64.75,542597,MSTCLTD,817.0,57530000000.0,70416156.67074664,Dec 2023,01-12-2023
142416,142416,President Of India,64.75,542597,MSTCLTD,817.0,57530000000.0,70416156.67074664,Mar 2024,01-03-2024
142417,142417,President Of India,64.75,542597,MSTCLTD,817.0,57530000000.0,70416156.67074664,Jun 2024,01-06-2024
158594,158594,President Of India,51.28,532234,NATIONALUM,173.0,318030000000.0,1838323699.421965,Sep 2021,01-09-2021
158595,158595,President Of India,51.28,532234,NATIONALUM,173.0,318030000000.0,1838323699.421965,Dec 2021,01-12-2021
158596,158596,President Of India,51.28,532234,NATIONALUM,173.0,318030000000.0,1838323699.421965,Mar 2022,01-03-2022
158597,158597,President Of India,51.28,532234,NATIONALUM,173.0,318030000000.0,1838323699.421965,Jun 2022,01-06-2022
158598,158598,President Of India,51.28,532234,NATIONALUM,173.0,318030000000.0,1838323699.421965,Sep 2022,01-09-2022
158599,158599,President Of India,51.28,532234,NATIONALUM,173.0,318030000000.0,1838323699.421965,Dec 2022,01-12-2022
158600,158600,President Of India,51.28,532234,NATIONALUM,173.0,318030000000.0,1838323699.421965,Mar 2023,01-03-2023
158601,158601,President Of India,51.28,532234,NATIONALUM,173.0,318030000000.0,1838323699.421965,Jun 2023,01-06-2023
158602,158602,President Of India,51.28,532234,NATIONALUM,173.0,318030000000.0,1838323699.421965,Sep 2023,01-09-2023
158603,158603,President Of India,51.28,532234,NATIONALUM,173.0,318030000000.0,1838323699.421965,Dec 2023,01-12-2023
158604,158604,President Of India,51.28,532234,NATIONALUM,173.0,318030000000.0,1838323699.421965,Mar 2024,01-03-2024
158605,158605,President Of India,51.28,532234,NATIONALUM,173.0,318030000000.0,1838323699.421965,Jun 2024,01-06-2024
168141,168141,President Of India,95.39,532505,UCOBANK,51.9,620040000000.0,11946820809.248556,Sep 2021,01-09-2021
168142,168142,President Of India,95.39,532505,UCOBANK,51.9,620040000000.0,11946820809.248556,Dec 2021,01-12-2021
168143,168143,President Of India,95.39,532505,UCOBANK,51.9,620040000000.0,11946820809.248556,Mar 2022,01-03-2022
168144,168144,President Of India,95.39,532505,UCOBANK,51.9,620040000000.0,11946820809.248556,Jun 2022,01-06-2022
168145,168145,President Of India,95.39,532505,UCOBANK,51.9,620040000000.0,11946820809.248556,Sep 2022,01-09-2022
168146,168146,President Of India,95.39,532505,UCOBANK,51.9,620040000000.0,11946820809.248556,Dec 2022,01-12-2022
168147,168147,President Of India,95.39,532505,UCOBANK,51.9,620040000000.0,11946820809.248556,Mar 2023,01-03-2023
168148,168148,President Of India,95.39,532505,UCOBANK,51.9,620040000000.0,11946820809.248556,Jun 2023,01-06-2023
168149,168149,President Of India,95.39,532505,UCOBANK,51.9,620040000000.0,11946820809.248556,Sep 2023,01-09-2023
168150,168150,President Of India,95.39,532505,UCOBANK,51.9,620040000000.0,11946820809.248556,Dec 2023,01-12-2023
168151,168151,President Of India,95.39,532505,UCOBANK,51.9,620040000000.0,11946820809.248556,Mar 2024,01-03-2024
168152,168152,President Of India,95.39,532505,UCOBANK,51.9,620040000000.0,11946820809.248556,Jun 2024,01-06-2024
170962,170962,President Of India,54.03,500048,BEML,3917.0,163200000000.0,41664539.1881542,Sep 2021,01-09-2021
170963,170963,President Of India,54.03,500048,BEML,3917.0,163200000000.0,41664539.1881542,Dec 2021,01-12-2021
170965,170965,President Of India,54.03,500048,BEML,3917.0,163200000000.0,41664539.1881542,Jun 2022,01-06-2022
170966,170966,President Of India,54.03,500048,BEML,3917.0,163200000000.0,41664539.1881542,Sep 2022,01-09-2022
170967,170967,President Of India,54.03,500048,BEML,3917.0,163200000000.0,41664539.1881542,Dec 2022,01-12-2022
170968,170968,President Of India,54.03,500048,BEML,3917.0,163200000000.0,41664539.1881542,Mar 2023,01-03-2023
170969,170969,President Of India,54.03,500048,BEML,3917.0,163200000000.0,41664539.1881542,Jun 2023,01-06-2023
170970,170970,President Of India,54.03,500048,BEML,3917.0,163200000000.0,41664539.1881542,Sep 2023,01-09-2023
170971,170971,President Of India,54.03,500048,BEML,3917.0,163200000000.0,41664539.1881542,Dec 2023,01-12-2023
170972,170972,President Of India,54.03,500048,BEML,3917.0,163200000000.0,41664539.1881542,Mar 2024,01-03-2024
170973,170973,President Of India,54.03,500048,BEML,3917.0,163200000000.0,41664539.1881542,Jun 2024,01-06-2024
172885,172885,President Of India,60.79,543768,NSLNISP,54.8,160450000000.0,2927919708.029197,Mar 2023,01-03-2023
172886,172886,President Of India,60.79,543768,NSLNISP,54.8,160450000000.0,2927919708.029197,Jun 2023,01-06-2023
172887,172887,President Of India,60.79,543768,NSLNISP,54.8,160450000000.0,2927919708.029197,Sep 2023,01-09-2023
172888,172888,President Of India,60.79,543768,NSLNISP,54.8,160450000000.0,2927919708.029197,Dec 2023,01-12-2023
172889,172889,President Of India,60.79,543768,NSLNISP,54.8,160450000000.0,2927919708.029197,Mar 2024,01-03-2024
172890,172890,President Of India,60.79,543768,NSLNISP,54.8,160450000000.0,2927919708.029197,Jun 2024,01-06-2024
180487,180487,President Of India,45.48,500116,IDBI,98.6,1058590000000.0,10736206896.551723,Sep 2021,01-09-2021
180489,180489,President Of India,45.48,500116,IDBI,98.6,1058590000000.0,10736206896.551723,Dec 2021,01-12-2021
180491,180491,President Of India,45.48,500116,IDBI,98.6,1058590000000.0,10736206896.551723,Mar 2022,01-03-2022
180493,180493,President Of India,45.48,500116,IDBI,98.6,1058590000000.0,10736206896.551723,Jun 2022,01-06-2022
180495,180495,President Of India,45.48,500116,IDBI,98.6,1058590000000.0,10736206896.551723,Sep 2022,01-09-2022
180497,180497,President Of India,45.48,500116,IDBI,98.6,1058590000000.0,10736206896.551723,Dec 2022,01-12-2022
180499,180499,President Of India,45.48,500116,IDBI,98.6,1058590000000.0,10736206896.551723,Mar 2023,01-03-2023
180501,180501,President Of India,45.48,500116,IDBI,98.6,1058590000000.0,10736206896.551723,Jun 2023,01-06-2023
180503,180503,President Of India,45.48,500116,IDBI,98.6,1058590000000.0,10736206896.551723,Sep 2023,01-09-2023
180505,180505,President Of India,45.48,500116,IDBI,98.6,1058590000000.0,10736206896.551723,Dec 2023,01-12-2023
180507,180507,President Of India,45.48,500116,IDBI,98.6,1058590000000.0,10736206896.551723,Mar 2024,01-03-2024
180509,180509,President Of India,45.48,500116,IDBI,98.6,1058590000000.0,10736206896.551723,Jun 2024,01-06-2024
182065,182065,President Of India,63.75,544142,SCILAL,88.3,41130000000.0,465798414.4960362,Mar 2024,01-03-2024
182066,182066,President Of India,63.75,544142,SCILAL,88.3,41130000000.0,465798414.4960362,Jun 2024,01-06-2024
199014,199014,President Of India,0.0,500104,HINDPETRO,406.0,863360000000.0,2126502463.0541875,Sep 2021,01-09-2021
199016,199016,President Of India,0.0,500104,HINDPETRO,406.0,863360000000.0,2126502463.0541875,Dec 2021,01-12-2021
199018,199018,President Of India,0.0,500104,HINDPETRO,406.0,863360000000.0,2126502463.0541875,Mar 2022,01-03-2022
199020,199020,President Of India,0.0,500104,HINDPETRO,406.0,863360000000.0,2126502463.0541875,Jun 2022,01-06-2022
199022,199022,President Of India,0.0,500104,HINDPETRO,406.0,863360000000.0,2126502463.0541875,Sep 2022,01-09-2022
199024,199024,President Of India,0.0,500104,HINDPETRO,406.0,863360000000.0,2126502463.0541875,Dec 2022,01-12-2022
199026,199026,President Of India,0.0,500104,HINDPETRO,406.0,863360000000.0,2126502463.0541875,Mar 2023,01-03-2023
199028,199028,President Of India,0.0,500104,HINDPETRO,406.0,863360000000.0,2126502463.0541875,Jun 2023,01-06-2023
199030,199030,President Of India,0.0,500104,HINDPETRO,406.0,863360000000.0,2126502463.0541875,Sep 2023,01-09-2023
199032,199032,President Of India,0.0,500104,HINDPETRO,406.0,863360000000.0,2126502463.0541875,Dec 2023,01-12-2023
199034,199034,President Of India,0.0,500104,HINDPETRO,406.0,863360000000.0,2126502463.0541875,Mar 2024,01-03-2024
199036,199036,President Of India,0.0,500104,HINDPETRO,406.0,863360000000.0,2126502463.0541875,Jun 2024,01-06-2024
199157,199157,President Of India,59.92,533206,SJVN,134.0,525450000000.0,3921268656.716418,Sep 2021,01-09-2021
199159,199159,President Of India,59.92,533206,SJVN,134.0,525450000000.0,3921268656.716418,Dec 2021,01-12-2021
199161,199161,President Of India,59.92,533206,SJVN,134.0,525450000000.0,3921268656.716418,Mar 2022,01-03-2022
199163,199163,President Of India,59.92,533206,SJVN,134.0,525450000000.0,3921268656.716418,Jun 2022,01-06-2022
199165,199165,President Of India,59.92,533206,SJVN,134.0,525450000000.0,3921268656.716418,Sep 2022,01-09-2022
199167,199167,President Of India,59.92,533206,SJVN,134.0,525450000000.0,3921268656.716418,Dec 2022,01-12-2022
199169,199169,President Of India,59.92,533206,SJVN,134.0,525450000000.0,3921268656.716418,Mar 2023,01-03-2023
199171,199171,President Of India,59.92,533206,SJVN,134.0,525450000000.0,3921268656.716418,Jun 2023,01-06-2023
199173,199173,President Of India,55.0,533206,SJVN,134.0,525450000000.0,3921268656.716418,Sep 2023,01-09-2023
199175,199175,President Of India,55.0,533206,SJVN,134.0,525450000000.0,3921268656.716418,Dec 2023,01-12-2023
199177,199177,President Of India,55.0,533206,SJVN,134.0,525450000000.0,3921268656.716418,Mar 2024,01-03-2024
199179,199179,President Of India,55.0,533206,SJVN,134.0,525450000000.0,3921268656.716418,Jun 2024,01-06-2024
222137,222137,President Of India,85.78,540755,GICRE,408.0,716500000000.0,1756127450.9803922,Sep 2021,01-09-2021
222138,222138,President Of India,85.78,540755,GICRE,408.0,716500000000.0,1756127450.9803922,Dec 2021,01-12-2021
222139,222139,President Of India,85.78,540755,GICRE,408.0,716500000000.0,1756127450.9803922,Mar 2022,01-03-2022
222140,222140,President Of India,85.78,540755,GICRE,408.0,716500000000.0,1756127450.9803922,Jun 2022,01-06-2022
222141,222141,President Of India,85.78,540755,GICRE,408.0,716500000000.0,1756127450.9803922,Sep 2022,01-09-2022
222142,222142,President Of India,85.78,540755,GICRE,408.0,716500000000.0,1756127450.9803922,Dec 2022,01-12-2022
222143,222143,President Of India,85.78,540755,GICRE,408.0,716500000000.0,1756127450.9803922,Mar 2023,01-03-2023
222144,222144,President Of India,85.78,540755,GICRE,408.0,716500000000.0,1756127450.9803922,Jun 2023,01-06-2023
222145,222145,President Of India,85.78,540755,GICRE,408.0,716500000000.0,1756127450.9803922,Sep 2023,01-09-2023
222146,222146,President Of India,85.78,540755,GICRE,408.0,716500000000.0,1756127450.9803922,Dec 2023,01-12-2023
222147,222147,President Of India,85.78,540755,GICRE,408.0,716500000000.0,1756127450.9803922,Mar 2024,01-03-2024
222148,222148,President Of India,85.78,540755,GICRE,408.0,716500000000.0,1756127450.9803922,Jun 2024,01-06-2024
262704,262704,President Of India,53.84,533286,MOIL,412.0,83870000000.0,203567961.1650485,Sep 2021,01-09-2021
262707,262707,President Of India,53.84,533286,MOIL,412.0,83870000000.0,203567961.1650485,Dec 2021,01-12-2021
262710,262710,President Of India,53.35,533286,MOIL,412.0,83870000000.0,203567961.1650485,Mar 2022,01-03-2022
262713,262713,President Of India,53.35,533286,MOIL,412.0,83870000000.0,203567961.1650485,Jun 2022,01-06-2022
262716,262716,President Of India,53.35,533286,MOIL,412.0,83870000000.0,203567961.1650485,Sep 2022,01-09-2022
262719,262719,President Of India,53.35,533286,MOIL,412.0,83870000000.0,203567961.1650485,Dec 2022,01-12-2022
262722,262722,President Of India,53.35,533286,MOIL,412.0,83870000000.0,203567961.1650485,Mar 2023,01-03-2023
262725,262725,President Of India,53.35,533286,MOIL,412.0,83870000000.0,203567961.1650485,Jun 2023,01-06-2023
262728,262728,President Of India,53.35,533286,MOIL,412.0,83870000000.0,203567961.1650485,Sep 2023,01-09-2023
262731,262731,President Of India,53.35,533286,MOIL,412.0,83870000000.0,203567961.1650485,Dec 2023,01-12-2023
262734,262734,President Of India,53.35,533286,MOIL,412.0,83870000000.0,203567961.1650485,Mar 2024,01-03-2024
262737,262737,President Of India,53.35,533286,MOIL,412.0,83870000000.0,203567961.1650485,Jun 2024,01-06-2024
273253,273253,President Of India,62.93,532483,CANBK,112.0,1016820000000.0,9078750000.0,Sep 2021,01-09-2021
273254,273254,President Of India,62.93,532483,CANBK,112.0,1016820000000.0,9078750000.0,Dec 2021,01-12-2021
273255,273255,President Of India,62.93,532483,CANBK,112.0,1016820000000.0,9078750000.0,Mar 2022,01-03-2022
273256,273256,President Of India,62.93,532483,CANBK,112.0,1016820000000.0,9078750000.0,Jun 2022,01-06-2022
273257,273257,President Of India,62.93,532483,CANBK,112.0,1016820000000.0,9078750000.0,Sep 2022,01-09-2022
273258,273258,President Of India,62.93,532483,CANBK,112.0,1016820000000.0,9078750000.0,Dec 2022,01-12-2022
273259,273259,President Of India,62.93,532483,CANBK,112.0,1016820000000.0,9078750000.0,Mar 2023,01-03-2023
273260,273260,President Of India,62.93,532483,CANBK,112.0,1016820000000.0,9078750000.0,Jun 2023,01-06-2023
273261,273261,President Of India,62.93,532483,CANBK,112.0,1016820000000.0,9078750000.0,Sep 2023,01-09-2023
273262,273262,President Of India,62.93,532483,CANBK,112.0,1016820000000.0,9078750000.0,Dec 2023,01-12-2023
273263,273263,President Of India,62.93,532483,CANBK,112.0,1016820000000.0,9078750000.0,Mar 2024,01-03-2024
273264,273264,President Of India,62.93,532483,CANBK,112.0,1016820000000.0,9078750000.0,Jun 2024,01-06-2024
277487,277487,President Of India,57.6,500112,SBIN,815.0,7277120000000.0,8928981595.092024,Dec 2021,01-12-2021
277488,277488,President Of India,57.59,500112,SBIN,815.0,7277120000000.0,8928981595.092024,Mar 2022,01-03-2022
277489,277489,President Of India,57.57,500112,SBIN,815.0,7277120000000.0,8928981595.092024,Jun 2022,01-06-2022
277490,277490,President Of India,57.52,500112,SBIN,815.0,7277120000000.0,8928981595.092024,Sep 2022,01-09-2022
277491,277491,President Of India,57.5,500112,SBIN,815.0,7277120000000.0,8928981595.092024,Dec 2022,01-12-2022
277492,277492,President Of India,57.49,500112,SBIN,815.0,7277120000000.0,8928981595.092024,Mar 2023,01-03-2023
277493,277493,President Of India,57.47,500112,SBIN,815.0,7277120000000.0,8928981595.092024,Jun 2023,01-06-2023
277494,277494,President Of India,57.49,500112,SBIN,815.0,7277120000000.0,8928981595.092024,Sep 2023,01-09-2023
277495,277495,President Of India,57.49,500112,SBIN,815.0,7277120000000.0,8928981595.092024,Dec 2023,01-12-2023
277496,277496,President Of India,57.54,500112,SBIN,815.0,7277120000000.0,8928981595.092024,Mar 2024,01-03-2024
277497,277497,President Of India,57.54,500112,SBIN,815.0,7277120000000.0,8928981595.092024,Jun 2024,01-06-2024
291943,291943,President Of India,97.07,533295,PSB,60.4,409450000000.0,6778973509.933775,Sep 2021,01-09-2021
291944,291944,President Of India,97.07,533295,PSB,60.4,409450000000.0,6778973509.933775,Dec 2021,01-12-2021
291945,291945,President Of India,98.25,533295,PSB,60.4,409450000000.0,6778973509.933775,Mar 2022,01-03-2022
291946,291946,President Of India,98.25,533295,PSB,60.4,409450000000.0,6778973509.933775,Jun 2022,01-06-2022
291947,291947,President Of India,98.25,533295,PSB,60.4,409450000000.0,6778973509.933775,Sep 2022,01-09-2022
291948,291948,President Of India,98.25,533295,PSB,60.4,409450000000.0,6778973509.933775,Dec 2022,01-12-2022
291949,291949,President Of India,98.25,533295,PSB,60.4,409450000000.0,6778973509.933775,Mar 2023,01-03-2023
291950,291950,President Of India,98.25,533295,PSB,60.4,409450000000.0,6778973509.933775,Jun 2023,01-06-2023
291951,291951,President Of India,98.25,533295,PSB,60.4,409450000000.0,6778973509.933775,Sep 2023,01-09-2023
291952,291952,President Of India,98.25,533295,PSB,60.4,409450000000.0,6778973509.933775,Dec 2023,01-12-2023
291953,291953,President Of India,98.25,533295,PSB,60.4,409450000000.0,6778973509.933775,Mar 2024,01-03-2024
291954,291954,President Of India,98.25,533295,PSB,60.4,409450000000.0,6778973509.933775,Jun 2024,01-06-2024
301233,301233,President Of India,65.0,500113,SAIL,132.0,544730000000.0,4126742424.242424,Sep 2021,01-09-2021
301234,301234,President Of India,65.0,500113,SAIL,132.0,544730000000.0,4126742424.242424,Dec 2021,01-12-2021
301235,301235,President Of India,65.0,500113,SAIL,132.0,544730000000.0,4126742424.242424,Mar 2022,01-03-2022
301236,301236,President Of India,65.0,500113,SAIL,132.0,544730000000.0,4126742424.242424,Jun 2022,01-06-2022
301237,301237,President Of India,65.0,500113,SAIL,132.0,544730000000.0,4126742424.242424,Sep 2022,01-09-2022
301238,301238,President Of India,65.0,500113,SAIL,132.0,544730000000.0,4126742424.242424,Dec 2022,01-12-2022
301239,301239,President Of India,65.0,500113,SAIL,132.0,544730000000.0,4126742424.242424,Mar 2023,01-03-2023
301240,301240,President Of India,65.0,500113,SAIL,132.0,544730000000.0,4126742424.242424,Jun 2023,01-06-2023
301241,301241,President Of India,65.0,500113,SAIL,132.0,544730000000.0,4126742424.242424,Sep 2023,01-09-2023
301242,301242,President Of India,65.0,500113,SAIL,132.0,544730000000.0,4126742424.242424,Dec 2023,01-12-2023
301243,301243,President Of India,65.0,500113,SAIL,132.0,544730000000.0,4126742424.242424,Mar 2024,01-03-2024
301244,301244,President Of India,65.0,500113,SAIL,132.0,544730000000.0,4126742424.242424,Jun 2024,01-06-2024
301849,301849,President Of India,99.03,540680,KIOCL,418.0,253950000000.0,607535885.1674641,Sep 2021,01-09-2021
301850,301850,President Of India,99.03,540680,KIOCL,418.0,253950000000.0,607535885.1674641,Dec 2021,01-12-2021
301851,301851,President Of India,99.03,540680,KIOCL,418.0,253950000000.0,607535885.1674641,Mar 2022,01-03-2022
301852,301852,President Of India,99.03,540680,KIOCL,418.0,253950000000.0,607535885.1674641,Jun 2022,01-06-2022
301853,301853,President Of India,99.03,540680,KIOCL,418.0,253950000000.0,607535885.1674641,Sep 2022,01-09-2022
301854,301854,President Of India,99.03,540680,KIOCL,418.0,253950000000.0,607535885.1674641,Dec 2022,01-12-2022
301855,301855,President Of India,99.03,540680,KIOCL,418.0,253950000000.0,607535885.1674641,Mar 2023,01-03-2023
301856,301856,President Of India,99.03,540680,KIOCL,418.0,253950000000.0,607535885.1674641,Jun 2023,01-06-2023
301857,301857,President Of India,99.03,540680,KIOCL,418.0,253950000000.0,607535885.1674641,Sep 2023,01-09-2023
301858,301858,President Of India,99.03,540680,KIOCL,418.0,253950000000.0,607535885.1674641,Dec 2023,01-12-2023
301859,301859,President Of India,99.03,540680,KIOCL,418.0,253950000000.0,607535885.1674641,Mar 2024,01-03-2024
301860,301860,President Of India,99.03,540680,KIOCL,418.0,253950000000.0,607535885.1674641,Jun 2024,01-06-2024
319314,319314,President Of India,60.79,526371,NMDC,227.0,665980000000.0,2933832599.1189427,Sep 2021,01-09-2021
319315,319315,President Of India,60.79,526371,NMDC,227.0,665980000000.0,2933832599.1189427,Dec 2021,01-12-2021
319316,319316,President Of India,60.79,526371,NMDC,227.0,665980000000.0,2933832599.1189427,Mar 2022,01-03-2022
319317,319317,President Of India,60.79,526371,NMDC,227.0,665980000000.0,2933832599.1189427,Jun 2022,01-06-2022
319318,319318,President Of India,60.79,526371,NMDC,227.0,665980000000.0,2933832599.1189427,Sep 2022,01-09-2022
319319,319319,President Of India,60.79,526371,NMDC,227.0,665980000000.0,2933832599.1189427,Dec 2022,01-12-2022
319320,319320,President Of India,60.79,526371,NMDC,227.0,665980000000.0,2933832599.1189427,Mar 2023,01-03-2023
319321,319321,President Of India,60.79,526371,NMDC,227.0,665980000000.0,2933832599.1189427,Jun 2023,01-06-2023
319322,319322,President Of India,60.79,526371,NMDC,227.0,665980000000.0,2933832599.1189427,Sep 2023,01-09-2023
319323,319323,President Of India,60.79,526371,NMDC,227.0,665980000000.0,2933832599.1189427,Dec 2023,01-12-2023
319324,319324,President Of India,60.79,526371,NMDC,227.0,665980000000.0,2933832599.1189427,Mar 2024,01-03-2024
319325,319325,President Of India,60.79,526371,NMDC,227.0,665980000000.0,2933832599.1189427,Jun 2024,01-06-2024
340677,340677,President Of India,60.41,500312,ONGC,327.0,4118150000000.0,12593730886.850151,Sep 2021,01-09-2021
340678,340678,President Of India,60.41,500312,ONGC,327.0,4118150000000.0,12593730886.850151,Dec 2021,01-12-2021
340679,340679,President Of India,58.91,500312,ONGC,327.0,4118150000000.0,12593730886.850151,Mar 2022,01-03-2022
340680,340680,President Of India,58.89,500312,ONGC,327.0,4118150000000.0,12593730886.850151,Jun 2022,01-06-2022
340681,340681,President Of India,58.89,500312,ONGC,327.0,4118150000000.0,12593730886.850151,Sep 2022,01-09-2022
340682,340682,President Of India,58.89,500312,ONGC,327.0,4118150000000.0,12593730886.850151,Dec 2022,01-12-2022
340683,340683,President Of India,58.89,500312,ONGC,327.0,4118150000000.0,12593730886.850151,Mar 2023,01-03-2023
340684,340684,President Of India,58.89,500312,ONGC,327.0,4118150000000.0,12593730886.850151,Jun 2023,01-06-2023
340685,340685,President Of India,58.89,500312,ONGC,327.0,4118150000000.0,12593730886.850151,Sep 2023,01-09-2023
340686,340686,President Of India,58.89,500312,ONGC,327.0,4118150000000.0,12593730886.850151,Dec 2023,01-12-2023
340687,340687,President Of India,58.89,500312,ONGC,327.0,4118150000000.0,12593730886.850151,Mar 2024,01-03-2024
340688,340688,President Of India,58.89,500312,ONGC,327.0,4118150000000.0,12593730886.850151,Jun 2024,01-06-2024
342672,342672,President Of India,56.83,500191,HMT,90.4,32140000000.0,355530973.4513274,Sep 2021,01-09-2021
342673,342673,President Of India,36.85,500191,HMT,90.4,32140000000.0,355530973.4513274,Sep 2021,01-09-2021
342674,342674,President Of India,56.83,500191,HMT,90.4,32140000000.0,355530973.4513274,Dec 2021,01-12-2021
342675,342675,President Of India,36.85,500191,HMT,90.4,32140000000.0,355530973.4513274,Dec 2021,01-12-2021
342676,342676,President Of India,56.83,500191,HMT,90.4,32140000000.0,355530973.4513274,Mar 2022,01-03-2022
342677,342677,President Of India,36.85,500191,HMT,90.4,32140000000.0,355530973.4513274,Mar 2022,01-03-2022
342678,342678,President Of India,56.83,500191,HMT,90.4,32140000000.0,355530973.4513274,Jun 2022,01-06-2022
342679,342679,President Of India,36.85,500191,HMT,90.4,32140000000.0,355530973.4513274,Jun 2022,01-06-2022
342680,342680,President Of India,56.83,500191,HMT,90.4,32140000000.0,355530973.4513274,Sep 2022,01-09-2022
342681,342681,President Of India,36.85,500191,HMT,90.4,32140000000.0,355530973.4513274,Sep 2022,01-09-2022
342682,342682,President Of India,56.83,500191,HMT,90.4,32140000000.0,355530973.4513274,Dec 2022,01-12-2022
342683,342683,President Of India,36.85,500191,HMT,90.4,32140000000.0,355530973.4513274,Dec 2022,01-12-2022
342684,342684,President Of India,56.83,500191,HMT,90.4,32140000000.0,355530973.4513274,Mar 2023,01-03-2023
342685,342685,President Of India,36.85,500191,HMT,90.4,32140000000.0,355530973.4513274,Mar 2023,01-03-2023
342686,342686,President Of India,56.83,500191,HMT,90.4,32140000000.0,355530973.4513274,Jun 2023,01-06-2023
342687,342687,President Of India,36.85,500191,HMT,90.4,32140000000.0,355530973.4513274,Jun 2023,01-06-2023
342688,342688,President Of India,56.83,500191,HMT,90.4,32140000000.0,355530973.4513274,Sep 2023,01-09-2023
342689,342689,President Of India,36.85,500191,HMT,90.4,32140000000.0,355530973.4513274,Sep 2023,01-09-2023
342690,342690,President Of India,56.83,500191,HMT,90.4,32140000000.0,355530973.4513274,Dec 2023,01-12-2023
342691,342691,President Of India,36.85,500191,HMT,90.4,32140000000.0,355530973.4513274,Dec 2023,01-12-2023
342692,342692,President Of India,56.83,500191,HMT,90.4,32140000000.0,355530973.4513274,Mar 2024,01-03-2024
342693,342693,President Of India,36.85,500191,HMT,90.4,32140000000.0,355530973.4513274,Mar 2024,01-03-2024
342694,342694,President Of India,56.83,500191,HMT,90.4,32140000000.0,355530973.4513274,Jun 2024,01-06-2024
342695,342695,President Of India,36.85,500191,HMT,90.4,32140000000.0,355530973.4513274,Jun 2024,01-06-2024
350461,350461,President Of India,75.0,524230,RCF,199.0,109620000000.0,550854271.3567839,Sep 2021,01-09-2021
350462,350462,President Of India,75.0,524230,RCF,199.0,109620000000.0,550854271.3567839,Dec 2021,01-12-2021
350463,350463,President Of India,75.0,524230,RCF,199.0,109620000000.0,550854271.3567839,Mar 2022,01-03-2022
350464,350464,President Of India,75.0,524230,RCF,199.0,109620000000.0,550854271.3567839,Jun 2022,01-06-2022
350465,350465,President Of India,75.0,524230,RCF,199.0,109620000000.0,550854271.3567839,Sep 2022,01-09-2022
350466,350466,President Of India,75.0,524230,RCF,199.0,109620000000.0,550854271.3567839,Dec 2022,01-12-2022
350467,350467,President Of India,75.0,524230,RCF,199.0,109620000000.0,550854271.3567839,Mar 2023,01-03-2023
350468,350468,President Of India,75.0,524230,RCF,199.0,109620000000.0,550854271.3567839,Jun 2023,01-06-2023
350469,350469,President Of India,75.0,524230,RCF,199.0,109620000000.0,550854271.3567839,Sep 2023,01-09-2023
350470,350470,President Of India,75.0,524230,RCF,199.0,109620000000.0,550854271.3567839,Dec 2023,01-12-2023
350471,350471,President Of India,75.0,524230,RCF,199.0,109620000000.0,550854271.3567839,Mar 2024,01-03-2024
350472,350472,President Of India,75.0,524230,RCF,199.0,109620000000.0,550854271.3567839,Jun 2024,01-06-2024
358653,358653,President Of India,49.4,532898,POWERGRID,336.0,3127330000000.0,9307529761.904762,Sep 2021,01-09-2021
358654,358654,President Of India,1.94,532898,POWERGRID,336.0,3127330000000.0,9307529761.904762,Sep 2021,01-09-2021
358655,358655,President Of India,49.4,532898,POWERGRID,336.0,3127330000000.0,9307529761.904762,Dec 2021,01-12-2021
358656,358656,President Of India,1.94,532898,POWERGRID,336.0,3127330000000.0,9307529761.904762,Dec 2021,01-12-2021
358657,358657,President Of India,49.4,532898,POWERGRID,336.0,3127330000000.0,9307529761.904762,Mar 2022,01-03-2022
358658,358658,President Of India,1.94,532898,POWERGRID,336.0,3127330000000.0,9307529761.904762,Mar 2022,01-03-2022
358659,358659,President Of India,49.4,532898,POWERGRID,336.0,3127330000000.0,9307529761.904762,Jun 2022,01-06-2022
358660,358660,President Of India,1.94,532898,POWERGRID,336.0,3127330000000.0,9307529761.904762,Jun 2022,01-06-2022
358661,358661,President Of India,49.4,532898,POWERGRID,336.0,3127330000000.0,9307529761.904762,Sep 2022,01-09-2022
358662,358662,President Of India,1.94,532898,POWERGRID,336.0,3127330000000.0,9307529761.904762,Sep 2022,01-09-2022
358663,358663,President Of India,49.4,532898,POWERGRID,336.0,3127330000000.0,9307529761.904762,Dec 2022,01-12-2022
358664,358664,President Of India,1.94,532898,POWERGRID,336.0,3127330000000.0,9307529761.904762,Dec 2022,01-12-2022
358665,358665,President Of India,49.4,532898,POWERGRID,336.0,3127330000000.0,9307529761.904762,Mar 2023,01-03-2023
358666,358666,President Of India,1.94,532898,POWERGRID,336.0,3127330000000.0,9307529761.904762,Mar 2023,01-03-2023
358667,358667,President Of India,49.4,532898,POWERGRID,336.0,3127330000000.0,9307529761.904762,Jun 2023,01-06-2023
358668,358668,President Of India,1.94,532898,POWERGRID,336.0,3127330000000.0,9307529761.904762,Jun 2023,01-06-2023
358669,358669,President Of India,49.4,532898,POWERGRID,336.0,3127330000000.0,9307529761.904762,Sep 2023,01-09-2023
358670,358670,President Of India,1.94,532898,POWERGRID,336.0,3127330000000.0,9307529761.904762,Sep 2023,01-09-2023
358671,358671,President Of India,49.4,532898,POWERGRID,336.0,3127330000000.0,9307529761.904762,Dec 2023,01-12-2023
358672,358672,President Of India,1.94,532898,POWERGRID,336.0,3127330000000.0,9307529761.904762,Dec 2023,01-12-2023
358673,358673,President Of India,49.4,532898,POWERGRID,336.0,3127330000000.0,9307529761.904762,Mar 2024,01-03-2024
358674,358674,President Of India,1.94,532898,POWERGRID,336.0,3127330000000.0,9307529761.904762,Mar 2024,01-03-2024
358675,358675,President Of India,49.4,532898,POWERGRID,336.0,3127330000000.0,9307529761.904762,Jun 2024,01-06-2024
358676,358676,President Of India,1.94,532898,POWERGRID,336.0,3127330000000.0,9307529761.904762,Jun 2024,01-06-2024
387366,387366,President Of India,70.95,533098,NHPC,97.1,975270000000.0,10043975283.213182,Sep 2021,01-09-2021
387367,387367,President Of India,70.95,533098,NHPC,97.1,975270000000.0,10043975283.213182,Dec 2021,01-12-2021
387368,387368,President Of India,70.95,533098,NHPC,97.1,975270000000.0,10043975283.213182,Mar 2022,01-03-2022
387369,387369,President Of India,70.95,533098,NHPC,97.1,975270000000.0,10043975283.213182,Jun 2022,01-06-2022
387370,387370,President Of India,70.95,533098,NHPC,97.1,975270000000.0,10043975283.213182,Sep 2022,01-09-2022
387371,387371,President Of India,70.95,533098,NHPC,97.1,975270000000.0,10043975283.213182,Dec 2022,01-12-2022
387372,387372,President Of India,70.95,533098,NHPC,97.1,975270000000.0,10043975283.213182,Mar 2023,01-03-2023
387373,387373,President Of India,70.95,533098,NHPC,97.1,975270000000.0,10043975283.213182,Jun 2023,01-06-2023
387374,387374,President Of India,70.95,533098,NHPC,97.1,975270000000.0,10043975283.213182,Sep 2023,01-09-2023
387375,387375,President Of India,70.95,533098,NHPC,97.1,975270000000.0,10043975283.213182,Dec 2023,01-12-2023
387376,387376,President Of India,67.4,533098,NHPC,97.1,975270000000.0,10043975283.213182,Mar 2024,01-03-2024
387377,387377,President Of India,67.4,533098,NHPC,97.1,975270000000.0,10043975283.213182,Jun 2024,01-06-2024
389606,389606,President Of India,59.67,532485,,93.8,20830000000.0,222068230.2771855,Dec 2021,01-12-2021
389607,389607,President Of India,59.67,532485,,93.8,20830000000.0,222068230.2771855,Mar 2022,01-03-2022
389608,389608,President Of India,59.67,532485,,93.8,20830000000.0,222068230.2771855,Jun 2022,01-06-2022
389609,389609,President Of India,59.67,532485,,93.8,20830000000.0,222068230.2771855,Sep 2022,01-09-2022
389610,389610,President Of India,59.67,532485,,93.8,20830000000.0,222068230.2771855,Dec 2022,01-12-2022
389611,389611,President Of India,59.67,532485,,93.8,20830000000.0,222068230.2771855,Mar 2023,01-03-2023
389612,389612,President Of India,59.67,532485,,93.8,20830000000.0,222068230.2771855,Jun 2023,01-06-2023
389613,389613,President Of India,59.67,532485,,93.8,20830000000.0,222068230.2771855,Sep 2023,01-09-2023
389614,389614,President Of India,59.67,532485,,93.8,20830000000.0,222068230.2771855,Dec 2023,01-12-2023
389615,389615,President Of India,59.67,532485,,93.8,20830000000.0,222068230.2771855,Mar 2024,01-03-2024
389616,389616,President Of India,59.67,532485,,93.8,20830000000.0,222068230.2771855,Jun 2024,01-06-2024
389617,389617,President Of India,59.67,532485,,93.8,20830000000.0,222068230.2771855,Aug 2024,01-08-2024
416284,416284,President Of India,59.25,524663,,30.1,1300000000.0,43189368.77076412,Jun 2021,01-06-2021
416292,416292,President Of India,59.25,524663,,30.1,1300000000.0,43189368.77076412,Sep 2021,01-09-2021
416300,416300,President Of India,59.25,524663,,30.1,1300000000.0,43189368.77076412,Dec 2021,01-12-2021
416308,416308,President Of India,59.25,524663,,30.1,1300000000.0,43189368.77076412,Mar 2022,01-03-2022
416316,416316,President Of India,59.25,524663,,30.1,1300000000.0,43189368.77076412,Jun 2022,01-06-2022
416324,416324,President Of India,59.25,524663,,30.1,1300000000.0,43189368.77076412,Sep 2022,01-09-2022
416332,416332,President Of India,59.25,524663,,30.1,1300000000.0,43189368.77076412,Dec 2022,01-12-2022
416340,416340,President Of India,59.25,524663,,30.1,1300000000.0,43189368.77076412,Mar 2023,01-03-2023
416348,416348,President Of India,59.25,524663,,30.1,1300000000.0,43189368.77076412,Jun 2023,01-06-2023
416356,416356,President Of India,59.25,524663,,30.1,1300000000.0,43189368.77076412,Sep 2023,01-09-2023
416364,416364,President Of India,59.25,524663,,30.1,1300000000.0,43189368.77076412,Dec 2023,01-12-2023
416372,416372,President Of India,59.25,524663,,30.1,1300000000.0,43189368.77076412,Mar 2024,01-03-2024
430780,430780,President Of India,79.2,513683,NLCINDIA,275.0,381950000000.0,1388909090.909091,Sep 2021,01-09-2021
430781,430781,President Of India,79.2,513683,NLCINDIA,275.0,381950000000.0,1388909090.909091,Dec 2021,01-12-2021
430782,430782,President Of India,79.2,513683,NLCINDIA,275.0,381950000000.0,1388909090.909091,Mar 2022,01-03-2022
430783,430783,President Of India,79.2,513683,NLCINDIA,275.0,381950000000.0,1388909090.909091,Jun 2022,01-06-2022
430784,430784,President Of India,79.2,513683,NLCINDIA,275.0,381950000000.0,1388909090.909091,Sep 2022,01-09-2022
430785,430785,President Of India,79.2,513683,NLCINDIA,275.0,381950000000.0,1388909090.909091,Dec 2022,01-12-2022
430786,430786,President Of India,79.2,513683,NLCINDIA,275.0,381950000000.0,1388909090.909091,Mar 2023,01-03-2023
430787,430787,President Of India,79.2,513683,NLCINDIA,275.0,381950000000.0,1388909090.909091,Jun 2023,01-06-2023
430788,430788,President Of India,79.2,513683,NLCINDIA,275.0,381950000000.0,1388909090.909091,Sep 2023,01-09-2023
430789,430789,President Of India,79.2,513683,NLCINDIA,275.0,381950000000.0,1388909090.909091,Dec 2023,01-12-2023
430790,430790,President Of India,72.2,513683,NLCINDIA,275.0,381950000000.0,1388909090.909091,Mar 2024,01-03-2024
430791,430791,President Of India,72.2,513683,NLCINDIA,275.0,381950000000.0,1388909090.909091,Jun 2024,01-06-2024
432264,432264,President Of India,51.14,500049,BEL,306.0,2236790000000.0,7309771241.830066,Sep 2021,01-09-2021
432265,432265,President Of India,51.14,500049,BEL,306.0,2236790000000.0,7309771241.830066,Dec 2021,01-12-2021
432266,432266,President Of India,51.14,500049,BEL,306.0,2236790000000.0,7309771241.830066,Mar 2022,01-03-2022
432267,432267,President Of India,51.14,500049,BEL,306.0,2236790000000.0,7309771241.830066,Jun 2022,01-06-2022
432268,432268,President Of India,51.14,500049,BEL,306.0,2236790000000.0,7309771241.830066,Sep 2022,01-09-2022
432269,432269,President Of India,51.14,500049,BEL,306.0,2236790000000.0,7309771241.830066,Dec 2022,01-12-2022
432270,432270,President Of India,51.14,500049,BEL,306.0,2236790000000.0,7309771241.830066,Mar 2023,01-03-2023
432271,432271,President Of India,51.14,500049,BEL,306.0,2236790000000.0,7309771241.830066,Jun 2023,01-06-2023
432272,432272,President Of India,51.14,500049,BEL,306.0,2236790000000.0,7309771241.830066,Sep 2023,01-09-2023
432273,432273,President Of India,51.14,500049,BEL,306.0,2236790000000.0,7309771241.830066,Dec 2023,01-12-2023
432274,432274,President Of India,51.14,500049,BEL,306.0,2236790000000.0,7309771241.830066,Mar 2024,01-03-2024
432275,432275,President Of India,51.14,500049,BEL,306.0,2236790000000.0,7309771241.830066,Jun 2024,01-06-2024
432725,432725,President Of India,93.08,532885,CENTRALBK,60.2,522420000000.0,8678073089.700996,Sep 2021,01-09-2021
432726,432726,President Of India,93.08,532885,CENTRALBK,60.2,522420000000.0,8678073089.700996,Dec 2021,01-12-2021
432727,432727,President Of India,93.08,532885,CENTRALBK,60.2,522420000000.0,8678073089.700996,Mar 2022,01-03-2022
432728,432728,President Of India,93.08,532885,CENTRALBK,60.2,522420000000.0,8678073089.700996,Jun 2022,01-06-2022
432729,432729,President Of India,93.08,532885,CENTRALBK,60.2,522420000000.0,8678073089.700996,Sep 2022,01-09-2022
432730,432730,President Of India,93.08,532885,CENTRALBK,60.2,522420000000.0,8678073089.700996,Dec 2022,01-12-2022
432731,432731,President Of India,93.08,532885,CENTRALBK,60.2,522420000000.0,8678073089.700996,Mar 2023,01-03-2023
432732,432732,President Of India,93.08,532885,CENTRALBK,60.2,522420000000.0,8678073089.700996,Jun 2023,01-06-2023
432733,432733,President Of India,93.08,532885,CENTRALBK,60.2,522420000000.0,8678073089.700996,Sep 2023,01-09-2023
432734,432734,President Of India,93.08,532885,CENTRALBK,60.2,522420000000.0,8678073089.700996,Dec 2023,01-12-2023
432735,432735,President Of India,93.08,532885,CENTRALBK,60.2,522420000000.0,8678073089.700996,Mar 2024,01-03-2024
432736,432736,President Of India,93.08,532885,CENTRALBK,60.2,522420000000.0,8678073089.700996,Jun 2024,01-06-2024
457502,457502,President Of India,51.85,532155,GAIL,229.0,1508790000000.0,6588602620.087337,Sep 2021,01-09-2021
457503,457503,President Of India,51.8,532155,GAIL,229.0,1508790000000.0,6588602620.087337,Dec 2021,01-12-2021
457504,457504,President Of India,51.8,532155,GAIL,229.0,1508790000000.0,6588602620.087337,Mar 2022,01-03-2022
457505,457505,President Of India,51.89,532155,GAIL,229.0,1508790000000.0,6588602620.087337,Jun 2022,01-06-2022
457506,457506,President Of India,51.9,532155,GAIL,229.0,1508790000000.0,6588602620.087337,Sep 2022,01-09-2022
457507,457507,President Of India,51.91,532155,GAIL,229.0,1508790000000.0,6588602620.087337,Dec 2022,01-12-2022
457508,457508,President Of India,51.91,532155,GAIL,229.0,1508790000000.0,6588602620.087337,Mar 2023,01-03-2023
457509,457509,President Of India,51.91,532155,GAIL,229.0,1508790000000.0,6588602620.087337,Jun 2023,01-06-2023
457510,457510,President Of India,51.91,532155,GAIL,229.0,1508790000000.0,6588602620.087337,Sep 2023,01-09-2023
457511,457511,President Of India,51.9,532155,GAIL,229.0,1508790000000.0,6588602620.087337,Dec 2023,01-12-2023
457512,457512,President Of India,51.9,532155,GAIL,229.0,1508790000000.0,6588602620.087337,Mar 2024,01-03-2024
457513,457513,President Of India,51.92,532155,GAIL,229.0,1508790000000.0,6588602620.087337,Jun 2024,01-06-2024
471396,471396,President Of India,78.2,542649,RVNL,573.0,1194090000000.0,2083926701.5706809,Sep 2021,01-09-2021
471397,471397,President Of India,78.2,542649,RVNL,573.0,1194090000000.0,2083926701.5706809,Dec 2021,01-12-2021
471398,471398,President Of India,78.2,542649,RVNL,573.0,1194090000000.0,2083926701.5706809,Mar 2022,01-03-2022
471399,471399,President Of India,78.2,542649,RVNL,573.0,1194090000000.0,2083926701.5706809,Jun 2022,01-06-2022
471400,471400,President Of India,78.2,542649,RVNL,573.0,1194090000000.0,2083926701.5706809,Sep 2022,01-09-2022
471401,471401,President Of India,78.2,542649,RVNL,573.0,1194090000000.0,2083926701.5706809,Dec 2022,01-12-2022
471402,471402,President Of India,78.2,542649,RVNL,573.0,1194090000000.0,2083926701.5706809,Mar 2023,01-03-2023
471403,471403,President Of India,78.2,542649,RVNL,573.0,1194090000000.0,2083926701.5706809,Jun 2023,01-06-2023
471404,471404,President Of India,72.84,542649,RVNL,573.0,1194090000000.0,2083926701.5706809,Sep 2023,01-09-2023
471405,471405,President Of India,72.84,542649,RVNL,573.0,1194090000000.0,2083926701.5706809,Dec 2023,01-12-2023
471406,471406,President Of India,72.84,542649,RVNL,573.0,1194090000000.0,2083926701.5706809,Mar 2024,01-03-2024
471407,471407,President Of India,72.84,542649,RVNL,573.0,1194090000000.0,2083926701.5706809,Jun 2024,01-06-2024
472291,472291,President Of India,51.12,543242,HEMIPROP,200.0,56970000000.0,284850000.0,Sep 2021,01-09-2021
472293,472293,President Of India,51.12,543242,HEMIPROP,200.0,56970000000.0,284850000.0,Mar 2022,01-03-2022
472294,472294,President Of India,51.12,543242,HEMIPROP,200.0,56970000000.0,284850000.0,Jun 2022,01-06-2022
472295,472295,President Of India,51.12,543242,HEMIPROP,200.0,56970000000.0,284850000.0,Sep 2022,01-09-2022
472296,472296,President Of India,51.12,543242,HEMIPROP,200.0,56970000000.0,284850000.0,Dec 2022,01-12-2022
472297,472297,President Of India,51.12,543242,HEMIPROP,200.0,56970000000.0,284850000.0,Mar 2023,01-03-2023
472298,472298,President Of India,51.12,543242,HEMIPROP,200.0,56970000000.0,284850000.0,Jun 2023,01-06-2023
472299,472299,President Of India,51.12,543242,HEMIPROP,200.0,56970000000.0,284850000.0,Sep 2023,01-09-2023
472300,472300,President Of India,51.12,543242,HEMIPROP,200.0,56970000000.0,284850000.0,Dec 2023,01-12-2023
472301,472301,President Of India,51.12,543242,HEMIPROP,200.0,56970000000.0,284850000.0,Mar 2024,01-03-2024
472302,472302,President Of India,51.12,543242,HEMIPROP,200.0,56970000000.0,284850000.0,Jun 2024,01-06-2024
475308,475308,President Of India,74.93,541143,BDL,1316.0,482300000000.0,366489361.7021277,Sep 2021,01-09-2021
475309,475309,President Of India,74.93,541143,BDL,1316.0,482300000000.0,366489361.7021277,Dec 2021,01-12-2021
475310,475310,President Of India,74.93,541143,BDL,1316.0,482300000000.0,366489361.7021277,Mar 2022,01-03-2022
475311,475311,President Of India,74.93,541143,BDL,1316.0,482300000000.0,366489361.7021277,Jun 2022,01-06-2022
475312,475312,President Of India,74.93,541143,BDL,1316.0,482300000000.0,366489361.7021277,Sep 2022,01-09-2022
475313,475313,President Of India,74.93,541143,BDL,1316.0,482300000000.0,366489361.7021277,Dec 2022,01-12-2022
475314,475314,President Of India,74.93,541143,BDL,1316.0,482300000000.0,366489361.7021277,Mar 2023,01-03-2023
475315,475315,President Of India,74.93,541143,BDL,1316.0,482300000000.0,366489361.7021277,Jun 2023,01-06-2023
475316,475316,President Of India,74.93,541143,BDL,1316.0,482300000000.0,366489361.7021277,Sep 2023,01-09-2023
475317,475317,President Of India,74.93,541143,BDL,1316.0,482300000000.0,366489361.7021277,Dec 2023,01-12-2023
475318,475318,President Of India,74.93,541143,BDL,1316.0,482300000000.0,366489361.7021277,Mar 2024,01-03-2024
475319,475319,President Of India,74.93,541143,BDL,1316.0,482300000000.0,366489361.7021277,Jun 2024,01-06-2024
