,Promoter,Share,BSE Code,NSE Code,Price,MCap,TotalShares,CaptureDate,Date,Share_Change%,ch
10071,Aditi Hitesh Gowani,1.11,509020,RUCHINFRA,16.7,3750000000,224550898.203593,Sep 2023,2023-01-09,,EQUAL
10072,Aditi Hitesh Gowani,1.11,509020,RUCHINFRA,16.7,3750000000,224550898.203593,Dec 2023,2023-01-12,0.0,EQUAL
10073,Aditi Hitesh Gowani,1.07,509020,RUCHINFRA,16.7,3750000000,224550898.203593,Mar 2024,2024-01-03,-3.60360360360361,Down
10074,Aditi Hitesh Gowani,1.07,509020,RUCHINFRA,16.7,3750000000,224550898.203593,Jun 2024,2024-01-06,0.0,EQUAL
10075,Aditi Hitesh Gowani,1.02,509020,RUCHINFRA,16.7,3750000000,224550898.203593,Aug 2024,2024-01-08,-4.67289719626168,Down
10299,Aditi Shahra,1.17,509020,RUCHINFRA,16.7,3750000000,224550898.203593,Dec 2021,2021-01-12,,EQUAL
10300,Aditi Shahra,1.17,509020,RUCHINFRA,16.7,3750000000,224550898.203593,Mar 2022,2022-01-03,0.0,EQUAL
10301,Aditi Shahra,1.17,509020,RUCHINFRA,16.7,3750000000,224550898.203593,Jun 2022,2022-01-06,0.0,EQUAL
10302,Aditi Shahra,1.17,509020,RUCHINFRA,16.7,3750000000,224550898.203593,Sep 2022,2022-01-09,0.0,EQUAL
10303,Aditi Shahra,1.17,509020,RUCHINFRA,16.7,3750000000,224550898.203593,Dec 2022,2022-01-12,0.0,EQUAL
10304,Aditi Shahra,1.11,509020,RUCHINFRA,16.7,3750000000,224550898.203593,Mar 2023,2023-01-03,-5.12820512820511,Down
10305,Aditi Shahra,1.11,509020,RUCHINFRA,16.7,3750000000,224550898.203593,Jun 2023,2023-01-06,0.0,EQUAL
22902,Amisha Shahra,0.0,509020,RUCHINFRA,16.7,3750000000,224550898.203593,Dec 2021,2021-01-12,,EQUAL
22903,Amisha Shahra,0.0,509020,RUCHINFRA,16.7,3750000000,224550898.203593,Mar 2022,2022-01-03,,EQUAL
22904,Amisha Shahra,0.0,509020,RUCHINFRA,16.7,3750000000,224550898.203593,Jun 2022,2022-01-06,,EQUAL
22905,Amisha Shahra,0.0,509020,RUCHINFRA,16.7,3750000000,224550898.203593,Sep 2022,2022-01-09,,EQUAL
22906,Amisha Shahra,0.0,509020,RUCHINFRA,16.7,3750000000,224550898.203593,Dec 2022,2022-01-12,,EQUAL
22907,Amisha Shahra,0.0,509020,RUCHINFRA,16.7,3750000000,224550898.203593,Mar 2023,2023-01-03,,EQUAL
22908,Amisha Shahra,0.0,509020,RUCHINFRA,16.7,3750000000,224550898.203593,Jun 2023,2023-01-06,,EQUAL
22909,Amisha Shahra,0.0,509020,RUCHINFRA,16.7,3750000000,224550898.203593,Sep 2023,2023-01-09,,EQUAL
22910,Amisha Shahra,0.0,509020,RUCHINFRA,16.7,3750000000,224550898.203593,Dec 2023,2023-01-12,,EQUAL
22911,Amisha Shahra,0.0,509020,RUCHINFRA,16.7,3750000000,224550898.203593,Mar 2024,2024-01-03,,EQUAL
22912,Amisha Shahra,0.0,509020,RUCHINFRA,16.7,3750000000,224550898.203593,Jun 2024,2024-01-06,,EQUAL
22913,Amisha Shahra,0.0,509020,RUCHINFRA,16.7,3750000000,224550898.203593,Aug 2024,2024-01-08,,EQUAL
33134,Ankesh Shahra,3.7,509020,RUCHINFRA,16.7,3750000000,224550898.203593,Dec 2021,2021-01-12,,EQUAL
33135,Ankesh Shahra,3.7,509020,RUCHINFRA,16.7,3750000000,224550898.203593,Mar 2022,2022-01-03,0.0,EQUAL
33136,Ankesh Shahra,3.7,509020,RUCHINFRA,16.7,3750000000,224550898.203593,Jun 2022,2022-01-06,0.0,EQUAL
33137,Ankesh Shahra,3.7,509020,RUCHINFRA,16.7,3750000000,224550898.203593,Sep 2022,2022-01-09,0.0,EQUAL
33138,Ankesh Shahra,3.7,509020,RUCHINFRA,16.7,3750000000,224550898.203593,Dec 2022,2022-01-12,0.0,EQUAL
33139,Ankesh Shahra,3.53,509020,RUCHINFRA,16.7,3750000000,224550898.203593,Mar 2023,2023-01-03,-4.5945945945946,Down
33140,Ankesh Shahra,3.53,509020,RUCHINFRA,16.7,3750000000,224550898.203593,Jun 2023,2023-01-06,0.0,EQUAL
33141,Ankesh Shahra,3.53,509020,RUCHINFRA,16.7,3750000000,224550898.203593,Sep 2023,2023-01-09,0.0,EQUAL
33142,Ankesh Shahra,3.53,509020,RUCHINFRA,16.7,3750000000,224550898.203593,Dec 2023,2023-01-12,0.0,EQUAL
33143,Ankesh Shahra,3.38,509020,RUCHINFRA,16.7,3750000000,224550898.203593,Mar 2024,2024-01-03,-4.24929178470255,Down
33144,Ankesh Shahra,3.38,509020,RUCHINFRA,16.7,3750000000,224550898.203593,Jun 2024,2024-01-06,0.0,EQUAL
33145,Ankesh Shahra,3.22,509020,RUCHINFRA,16.7,3750000000,224550898.203593,Aug 2024,2024-01-08,-4.73372781065088,Down
67785,Bhavna Goel,1.17,509020,RUCHINFRA,16.7,3750000000,224550898.203593,Dec 2021,2021-01-12,inf,UP
67786,Bhavna Goel,1.17,509020,RUCHINFRA,16.7,3750000000,224550898.203593,Mar 2022,2022-01-03,0.0,EQUAL
67787,Bhavna Goel,1.17,509020,RUCHINFRA,16.7,3750000000,224550898.203593,Jun 2022,2022-01-06,0.0,EQUAL
67788,Bhavna Goel,1.17,509020,RUCHINFRA,16.7,3750000000,224550898.203593,Sep 2022,2022-01-09,0.0,EQUAL
67789,Bhavna Goel,1.17,509020,RUCHINFRA,16.7,3750000000,224550898.203593,Dec 2022,2022-01-12,0.0,EQUAL
67790,Bhavna Goel,1.11,509020,RUCHINFRA,16.7,3750000000,224550898.203593,Mar 2023,2023-01-03,-5.12820512820511,Down
67791,Bhavna Goel,1.11,509020,RUCHINFRA,16.7,3750000000,224550898.203593,Jun 2023,2023-01-06,0.0,EQUAL
67792,Bhavna Goel,1.11,509020,RUCHINFRA,16.7,3750000000,224550898.203593,Sep 2023,2023-01-09,0.0,EQUAL
67793,Bhavna Goel,1.11,509020,RUCHINFRA,16.7,3750000000,224550898.203593,Dec 2023,2023-01-12,0.0,EQUAL
67794,Bhavna Goel,1.07,509020,RUCHINFRA,16.7,3750000000,224550898.203593,Mar 2024,2024-01-03,-3.60360360360361,Down
67795,Bhavna Goel,1.07,509020,RUCHINFRA,16.7,3750000000,224550898.203593,Jun 2024,2024-01-06,0.0,EQUAL
67796,Bhavna Goel,1.02,509020,RUCHINFRA,16.7,3750000000,224550898.203593,Aug 2024,2024-01-08,-4.67289719626168,Down
103886,Dinesh Khandelwal Trustee of Disha Foundation,1.71,509020,RUCHINFRA,16.7,3750000000,224550898.203593,Dec 2021,2021-01-12,,EQUAL
103887,Dinesh Khandelwal Trustee of Disha Foundation,1.71,509020,RUCHINFRA,16.7,3750000000,224550898.203593,Mar 2022,2022-01-03,0.0,EQUAL
103888,Dinesh Khandelwal Trustee of Disha Foundation,1.71,509020,RUCHINFRA,16.7,3750000000,224550898.203593,Jun 2022,2022-01-06,0.0,EQUAL
103889,Dinesh Khandelwal Trustee of Disha Foundation,1.71,509020,RUCHINFRA,16.7,3750000000,224550898.203593,Sep 2022,2022-01-09,0.0,EQUAL
103890,Dinesh Khandelwal Trustee of Disha Foundation,1.71,509020,RUCHINFRA,16.7,3750000000,224550898.203593,Dec 2022,2022-01-12,0.0,EQUAL
103891,Dinesh Khandelwal Trustee of Disha Foundation,1.63,509020,RUCHINFRA,16.7,3750000000,224550898.203593,Mar 2023,2023-01-03,-4.67836257309942,Down
103892,Dinesh Khandelwal Trustee of Disha Foundation,1.63,509020,RUCHINFRA,16.7,3750000000,224550898.203593,Jun 2023,2023-01-06,0.0,EQUAL
103893,Dinesh Khandelwal Trustee of Disha Foundation,1.63,509020,RUCHINFRA,16.7,3750000000,224550898.203593,Sep 2023,2023-01-09,0.0,EQUAL
103894,Dinesh Khandelwal Trustee of Disha Foundation,1.63,509020,RUCHINFRA,16.7,3750000000,224550898.203593,Dec 2023,2023-01-12,0.0,EQUAL
103895,Dinesh Khandelwal Trustee of Disha Foundation,1.56,509020,RUCHINFRA,16.7,3750000000,224550898.203593,Mar 2024,2024-01-03,-4.29447852760735,Down
103896,Dinesh Khandelwal Trustee of Disha Foundation,1.56,509020,RUCHINFRA,16.7,3750000000,224550898.203593,Jun 2024,2024-01-06,0.0,EQUAL
103897,Dinesh Khandelwal Trustee of Disha Foundation,1.49,509020,RUCHINFRA,16.7,3750000000,224550898.203593,Aug 2024,2024-01-08,-4.48717948717949,Down
170850,Kailash Chandra Shahra HUF,0.0,509020,RUCHINFRA,16.7,3750000000,224550898.203593,Dec 2021,2021-01-12,,EQUAL
170851,Kailash Chandra Shahra HUF,0.0,509020,RUCHINFRA,16.7,3750000000,224550898.203593,Mar 2022,2022-01-03,,EQUAL
170852,Kailash Chandra Shahra HUF,0.0,509020,RUCHINFRA,16.7,3750000000,224550898.203593,Jun 2022,2022-01-06,,EQUAL
170853,Kailash Chandra Shahra HUF,0.0,509020,RUCHINFRA,16.7,3750000000,224550898.203593,Sep 2022,2022-01-09,,EQUAL
170854,Kailash Chandra Shahra HUF,0.0,509020,RUCHINFRA,16.7,3750000000,224550898.203593,Dec 2022,2022-01-12,,EQUAL
170855,Kailash Chandra Shahra HUF,0.0,509020,RUCHINFRA,16.7,3750000000,224550898.203593,Mar 2023,2023-01-03,,EQUAL
170856,Kailash Chandra Shahra HUF,0.0,509020,RUCHINFRA,16.7,3750000000,224550898.203593,Jun 2023,2023-01-06,,EQUAL
170857,Kailash Chandra Shahra HUF,0.0,509020,RUCHINFRA,16.7,3750000000,224550898.203593,Sep 2023,2023-01-09,,EQUAL
170858,Kailash Chandra Shahra HUF,0.0,509020,RUCHINFRA,16.7,3750000000,224550898.203593,Dec 2023,2023-01-12,,EQUAL
170859,Kailash Chandra Shahra HUF,0.0,509020,RUCHINFRA,16.7,3750000000,224550898.203593,Mar 2024,2024-01-03,,EQUAL
170860,Kailash Chandra Shahra HUF,0.0,509020,RUCHINFRA,16.7,3750000000,224550898.203593,Jun 2024,2024-01-06,,EQUAL
170861,Kailash Chandra Shahra HUF,0.0,509020,RUCHINFRA,16.7,3750000000,224550898.203593,Aug 2024,2024-01-08,,EQUAL
210411,Maha Kosh Papers Private Limited,2.92,509020,RUCHINFRA,16.7,3750000000,224550898.203593,Dec 2021,2021-01-12,,EQUAL
210412,Maha Kosh Papers Private Limited,2.92,509020,RUCHINFRA,16.7,3750000000,224550898.203593,Mar 2022,2022-01-03,0.0,EQUAL
210413,Maha Kosh Papers Private Limited,2.92,509020,RUCHINFRA,16.7,3750000000,224550898.203593,Jun 2022,2022-01-06,0.0,EQUAL
210414,Maha Kosh Papers Private Limited,2.92,509020,RUCHINFRA,16.7,3750000000,224550898.203593,Sep 2022,2022-01-09,0.0,EQUAL
210415,Maha Kosh Papers Private Limited,2.92,509020,RUCHINFRA,16.7,3750000000,224550898.203593,Dec 2022,2022-01-12,0.0,EQUAL
210416,Maha Kosh Papers Private Limited,2.78,509020,RUCHINFRA,16.7,3750000000,224550898.203593,Mar 2023,2023-01-03,-4.79452054794521,Down
210417,Maha Kosh Papers Private Limited,2.78,509020,RUCHINFRA,16.7,3750000000,224550898.203593,Jun 2023,2023-01-06,0.0,EQUAL
210418,Maha Kosh Papers Private Limited,2.78,509020,RUCHINFRA,16.7,3750000000,224550898.203593,Sep 2023,2023-01-09,0.0,EQUAL
210419,Maha Kosh Papers Private Limited,2.78,509020,RUCHINFRA,16.7,3750000000,224550898.203593,Dec 2023,2023-01-12,0.0,EQUAL
210420,Maha Kosh Papers Private Limited,2.67,509020,RUCHINFRA,16.7,3750000000,224550898.203593,Mar 2024,2024-01-03,-3.9568345323741,Down
210421,Maha Kosh Papers Private Limited,2.67,509020,RUCHINFRA,16.7,3750000000,224550898.203593,Jun 2024,2024-01-06,0.0,EQUAL
210422,Maha Kosh Papers Private Limited,2.54,509020,RUCHINFRA,16.7,3750000000,224550898.203593,Aug 2024,2024-01-08,-4.8689138576779,Down
210702,Mahakosh Holdings Private Limited,7.34,509020,RUCHINFRA,16.7,3750000000,224550898.203593,Dec 2021,2021-01-12,,EQUAL
210703,Mahakosh Holdings Private Limited,7.34,509020,RUCHINFRA,16.7,3750000000,224550898.203593,Mar 2022,2022-01-03,0.0,EQUAL
210704,Mahakosh Holdings Private Limited,7.34,509020,RUCHINFRA,16.7,3750000000,224550898.203593,Jun 2022,2022-01-06,0.0,EQUAL
210705,Mahakosh Holdings Private Limited,7.34,509020,RUCHINFRA,16.7,3750000000,224550898.203593,Sep 2022,2022-01-09,0.0,EQUAL
210706,Mahakosh Holdings Private Limited,7.34,509020,RUCHINFRA,16.7,3750000000,224550898.203593,Dec 2022,2022-01-12,0.0,EQUAL
210707,Mahakosh Holdings Private Limited,6.99,509020,RUCHINFRA,16.7,3750000000,224550898.203593,Mar 2023,2023-01-03,-4.76839237057221,Down
210708,Mahakosh Holdings Private Limited,6.99,509020,RUCHINFRA,16.7,3750000000,224550898.203593,Jun 2023,2023-01-06,0.0,EQUAL
210709,Mahakosh Holdings Private Limited,6.99,509020,RUCHINFRA,16.7,3750000000,224550898.203593,Sep 2023,2023-01-09,0.0,EQUAL
210710,Mahakosh Holdings Private Limited,6.99,509020,RUCHINFRA,16.7,3750000000,224550898.203593,Dec 2023,2023-01-12,0.0,EQUAL
210711,Mahakosh Holdings Private Limited,6.7,509020,RUCHINFRA,16.7,3750000000,224550898.203593,Mar 2024,2024-01-03,-4.14878397711016,Down
210712,Mahakosh Holdings Private Limited,6.7,509020,RUCHINFRA,16.7,3750000000,224550898.203593,Jun 2024,2024-01-06,0.0,EQUAL
210713,Mahakosh Holdings Private Limited,6.38,509020,RUCHINFRA,16.7,3750000000,224550898.203593,Aug 2024,2024-01-08,-4.77611940298508,Down
218257,Manish Shahra,2.34,509020,RUCHINFRA,16.7,3750000000,224550898.203593,Dec 2021,2021-01-12,-5.64516129032259,Down
218258,Manish Shahra,2.34,509020,RUCHINFRA,16.7,3750000000,224550898.203593,Mar 2022,2022-01-03,0.0,EQUAL
218259,Manish Shahra,2.34,509020,RUCHINFRA,16.7,3750000000,224550898.203593,Jun 2022,2022-01-06,0.0,EQUAL
218260,Manish Shahra,2.34,509020,RUCHINFRA,16.7,3750000000,224550898.203593,Sep 2022,2022-01-09,0.0,EQUAL
218261,Manish Shahra,2.34,509020,RUCHINFRA,16.7,3750000000,224550898.203593,Dec 2022,2022-01-12,0.0,EQUAL
218262,Manish Shahra,2.23,509020,RUCHINFRA,16.7,3750000000,224550898.203593,Mar 2023,2023-01-03,-4.7008547008547,Down
218263,Manish Shahra,2.23,509020,RUCHINFRA,16.7,3750000000,224550898.203593,Jun 2023,2023-01-06,0.0,EQUAL
218264,Manish Shahra,2.23,509020,RUCHINFRA,16.7,3750000000,224550898.203593,Sep 2023,2023-01-09,0.0,EQUAL
218265,Manish Shahra,2.23,509020,RUCHINFRA,16.7,3750000000,224550898.203593,Dec 2023,2023-01-12,0.0,EQUAL
218266,Manish Shahra,2.14,509020,RUCHINFRA,16.7,3750000000,224550898.203593,Mar 2024,2024-01-03,-4.03587443946187,Down
218267,Manish Shahra,2.14,509020,RUCHINFRA,16.7,3750000000,224550898.203593,Jun 2024,2024-01-06,0.0,EQUAL
218268,Manish Shahra,2.03,509020,RUCHINFRA,16.7,3750000000,224550898.203593,Aug 2024,2024-01-08,-5.14018691588787,Down
237752,Mrudula Shahra,0.58,509020,RUCHINFRA,16.7,3750000000,224550898.203593,Dec 2021,2021-01-12,,EQUAL
237753,Mrudula Shahra,0.58,509020,RUCHINFRA,16.7,3750000000,224550898.203593,Mar 2022,2022-01-03,0.0,EQUAL
237754,Mrudula Shahra,0.58,509020,RUCHINFRA,16.7,3750000000,224550898.203593,Jun 2022,2022-01-06,0.0,EQUAL
237755,Mrudula Shahra,0.58,509020,RUCHINFRA,16.7,3750000000,224550898.203593,Sep 2022,2022-01-09,0.0,EQUAL
237756,Mrudula Shahra,0.58,509020,RUCHINFRA,16.7,3750000000,224550898.203593,Dec 2022,2022-01-12,0.0,EQUAL
237757,Mrudula Shahra,0.56,509020,RUCHINFRA,16.7,3750000000,224550898.203593,Mar 2023,2023-01-03,-3.44827586206895,Down
237758,Mrudula Shahra,0.56,509020,RUCHINFRA,16.7,3750000000,224550898.203593,Jun 2023,2023-01-06,0.0,EQUAL
237759,Mrudula Shahra,0.56,509020,RUCHINFRA,16.7,3750000000,224550898.203593,Sep 2023,2023-01-09,0.0,EQUAL
237760,Mrudula Shahra,0.56,509020,RUCHINFRA,16.7,3750000000,224550898.203593,Dec 2023,2023-01-12,0.0,EQUAL
237761,Mrudula Shahra,0.53,509020,RUCHINFRA,16.7,3750000000,224550898.203593,Mar 2024,2024-01-03,-5.35714285714286,Down
237762,Mrudula Shahra,0.53,509020,RUCHINFRA,16.7,3750000000,224550898.203593,Jun 2024,2024-01-06,0.0,EQUAL
237763,Mrudula Shahra,0.51,509020,RUCHINFRA,16.7,3750000000,224550898.203593,Aug 2024,2024-01-08,-3.77358490566038,Down
254905,Neeta Shahra,0.0,509020,RUCHINFRA,16.7,3750000000,224550898.203593,Dec 2021,2021-01-12,,EQUAL
254906,Neeta Shahra,0.0,509020,RUCHINFRA,16.7,3750000000,224550898.203593,Mar 2022,2022-01-03,,EQUAL
254907,Neeta Shahra,0.0,509020,RUCHINFRA,16.7,3750000000,224550898.203593,Jun 2022,2022-01-06,,EQUAL
254908,Neeta Shahra,0.0,509020,RUCHINFRA,16.7,3750000000,224550898.203593,Sep 2022,2022-01-09,,EQUAL
254909,Neeta Shahra,0.0,509020,RUCHINFRA,16.7,3750000000,224550898.203593,Dec 2022,2022-01-12,,EQUAL
254910,Neeta Shahra,0.0,509020,RUCHINFRA,16.7,3750000000,224550898.203593,Mar 2023,2023-01-03,,EQUAL
254911,Neeta Shahra,0.0,509020,RUCHINFRA,16.7,3750000000,224550898.203593,Jun 2023,2023-01-06,,EQUAL
254912,Neeta Shahra,0.0,509020,RUCHINFRA,16.7,3750000000,224550898.203593,Sep 2023,2023-01-09,,EQUAL
254913,Neeta Shahra,0.0,509020,RUCHINFRA,16.7,3750000000,224550898.203593,Dec 2023,2023-01-12,,EQUAL
254914,Neeta Shahra,0.0,509020,RUCHINFRA,16.7,3750000000,224550898.203593,Mar 2024,2024-01-03,,EQUAL
254915,Neeta Shahra,0.0,509020,RUCHINFRA,16.7,3750000000,224550898.203593,Jun 2024,2024-01-06,,EQUAL
254916,Neeta Shahra,0.0,509020,RUCHINFRA,16.7,3750000000,224550898.203593,Aug 2024,2024-01-08,,EQUAL
255614,Neha Saraf,0.19,509020,RUCHINFRA,16.7,3750000000,224550898.203593,Dec 2021,2021-01-12,280.0,UP
255615,Neha Saraf,0.19,509020,RUCHINFRA,16.7,3750000000,224550898.203593,Mar 2022,2022-01-03,0.0,EQUAL
255616,Neha Saraf,0.19,509020,RUCHINFRA,16.7,3750000000,224550898.203593,Jun 2022,2022-01-06,0.0,EQUAL
255617,Neha Saraf,0.19,509020,RUCHINFRA,16.7,3750000000,224550898.203593,Sep 2022,2022-01-09,0.0,EQUAL
255618,Neha Saraf,0.19,509020,RUCHINFRA,16.7,3750000000,224550898.203593,Dec 2022,2022-01-12,0.0,EQUAL
255619,Neha Saraf,0.19,509020,RUCHINFRA,16.7,3750000000,224550898.203593,Mar 2023,2023-01-03,0.0,EQUAL
255620,Neha Saraf,0.19,509020,RUCHINFRA,16.7,3750000000,224550898.203593,Jun 2023,2023-01-06,0.0,EQUAL
255621,Neha Saraf,0.19,509020,RUCHINFRA,16.7,3750000000,224550898.203593,Sep 2023,2023-01-09,0.0,EQUAL
255622,Neha Saraf,0.19,509020,RUCHINFRA,16.7,3750000000,224550898.203593,Dec 2023,2023-01-12,0.0,EQUAL
255623,Neha Saraf,0.18,509020,RUCHINFRA,16.7,3750000000,224550898.203593,Mar 2024,2024-01-03,-5.26315789473685,Down
255624,Neha Saraf,0.18,509020,RUCHINFRA,16.7,3750000000,224550898.203593,Jun 2024,2024-01-06,0.0,EQUAL
255625,Neha Saraf,0.17,509020,RUCHINFRA,16.7,3750000000,224550898.203593,Aug 2024,2024-01-08,-5.55555555555555,Down
267012,Nutrela Marketing Private Limited,0.58,509020,RUCHINFRA,16.7,3750000000,224550898.203593,Dec 2021,2021-01-12,,EQUAL
267013,Nutrela Marketing Private Limited,0.58,509020,RUCHINFRA,16.7,3750000000,224550898.203593,Mar 2022,2022-01-03,0.0,EQUAL
267014,Nutrela Marketing Private Limited,0.58,509020,RUCHINFRA,16.7,3750000000,224550898.203593,Jun 2022,2022-01-06,0.0,EQUAL
267015,Nutrela Marketing Private Limited,0.58,509020,RUCHINFRA,16.7,3750000000,224550898.203593,Sep 2022,2022-01-09,0.0,EQUAL
267016,Nutrela Marketing Private Limited,0.58,509020,RUCHINFRA,16.7,3750000000,224550898.203593,Dec 2022,2022-01-12,0.0,EQUAL
267017,Nutrela Marketing Private Limited,0.56,509020,RUCHINFRA,16.7,3750000000,224550898.203593,Mar 2023,2023-01-03,-3.44827586206895,Down
267018,Nutrela Marketing Private Limited,0.56,509020,RUCHINFRA,16.7,3750000000,224550898.203593,Jun 2023,2023-01-06,0.0,EQUAL
267019,Nutrela Marketing Private Limited,0.56,509020,RUCHINFRA,16.7,3750000000,224550898.203593,Sep 2023,2023-01-09,0.0,EQUAL
267020,Nutrela Marketing Private Limited,0.56,509020,RUCHINFRA,16.7,3750000000,224550898.203593,Dec 2023,2023-01-12,0.0,EQUAL
267021,Nutrela Marketing Private Limited,0.53,509020,RUCHINFRA,16.7,3750000000,224550898.203593,Mar 2024,2024-01-03,-5.35714285714286,Down
267022,Nutrela Marketing Private Limited,0.53,509020,RUCHINFRA,16.7,3750000000,224550898.203593,Jun 2024,2024-01-06,0.0,EQUAL
267023,Nutrela Marketing Private Limited,0.51,509020,RUCHINFRA,16.7,3750000000,224550898.203593,Aug 2024,2024-01-08,-3.77358490566038,Down
280222,Patanjali Foods Limited,12.63,509020,RUCHINFRA,16.7,3750000000,224550898.203593,Mar 2023,2023-01-03,,EQUAL
280223,Patanjali Foods Limited,12.63,509020,RUCHINFRA,16.7,3750000000,224550898.203593,Jun 2023,2023-01-06,0.0,EQUAL
280224,Patanjali Foods Limited,12.63,509020,RUCHINFRA,16.7,3750000000,224550898.203593,Sep 2023,2023-01-09,0.0,EQUAL
280225,Patanjali Foods Limited,12.63,509020,RUCHINFRA,16.7,3750000000,224550898.203593,Dec 2023,2023-01-12,0.0,EQUAL
280226,Patanjali Foods Limited,9.7,509020,RUCHINFRA,16.7,3750000000,224550898.203593,Mar 2024,2024-01-03,-23.1987331749802,Down
280227,Patanjali Foods Limited,9.7,509020,RUCHINFRA,16.7,3750000000,224550898.203593,Jun 2024,2024-01-06,0.0,EQUAL
280228,Patanjali Foods Limited,9.24,509020,RUCHINFRA,16.7,3750000000,224550898.203593,Aug 2024,2024-01-08,-4.74226804123711,Down
290176,Pradeep C Limdi Trustee of Indivar Foundation,7.31,509020,RUCHINFRA,16.7,3750000000,224550898.203593,Dec 2021,2021-01-12,,EQUAL
290177,Pradeep C Limdi Trustee of Indivar Foundation,7.31,509020,RUCHINFRA,16.7,3750000000,224550898.203593,Mar 2022,2022-01-03,0.0,EQUAL
290178,Pradeep C Limdi Trustee of Indivar Foundation,7.31,509020,RUCHINFRA,16.7,3750000000,224550898.203593,Jun 2022,2022-01-06,0.0,EQUAL
290179,Pradeep C Limdi Trustee of Indivar Foundation,7.31,509020,RUCHINFRA,16.7,3750000000,224550898.203593,Sep 2022,2022-01-09,0.0,EQUAL
290180,Pradeep C Limdi Trustee of Indivar Foundation,7.31,509020,RUCHINFRA,16.7,3750000000,224550898.203593,Dec 2022,2022-01-12,0.0,EQUAL
290181,Pradeep C Limdi Trustee of Indivar Foundation,11.72,509020,RUCHINFRA,16.7,3750000000,224550898.203593,Mar 2023,2023-01-03,60.328317373461,UP
290182,Pradeep C Limdi Trustee of Indivar Foundation,11.72,509020,RUCHINFRA,16.7,3750000000,224550898.203593,Jun 2023,2023-01-06,0.0,EQUAL
290183,Pradeep C Limdi Trustee of Indivar Foundation,11.72,509020,RUCHINFRA,16.7,3750000000,224550898.203593,Sep 2023,2023-01-09,0.0,EQUAL
290184,Pradeep C Limdi Trustee of Indivar Foundation,11.72,509020,RUCHINFRA,16.7,3750000000,224550898.203593,Dec 2023,2023-01-12,0.0,EQUAL
290185,Pradeep C Limdi Trustee of Indivar Foundation,11.23,509020,RUCHINFRA,16.7,3750000000,224550898.203593,Mar 2024,2024-01-03,-4.18088737201365,Down
290186,Pradeep C Limdi Trustee of Indivar Foundation,11.23,509020,RUCHINFRA,16.7,3750000000,224550898.203593,Jun 2024,2024-01-06,0.0,EQUAL
290187,Pradeep C Limdi Trustee of Indivar Foundation,10.7,509020,RUCHINFRA,16.7,3750000000,224550898.203593,Aug 2024,2024-01-08,-4.71950133570793,Down
343749,Ruchi Mohan,1.11,509020,RUCHINFRA,16.7,3750000000,224550898.203593,Dec 2023,2023-01-12,5450.0,UP
343750,Ruchi Mohan,1.07,509020,RUCHINFRA,16.7,3750000000,224550898.203593,Mar 2024,2024-01-03,-3.60360360360361,Down
343751,Ruchi Mohan,0.8,509020,RUCHINFRA,16.7,3750000000,224550898.203593,Jun 2024,2024-01-06,-25.2336448598131,Down
343752,Ruchi Mohan,0.77,509020,RUCHINFRA,16.7,3750000000,224550898.203593,Aug 2024,2024-01-08,-3.75,Down
343789,Ruchi Realty Private Limited,0.0,509020,RUCHINFRA,16.7,3750000000,224550898.203593,Mar 2023,2023-01-03,,EQUAL
343790,Ruchi Realty Private Limited,0.0,509020,RUCHINFRA,16.7,3750000000,224550898.203593,Jun 2023,2023-01-06,,EQUAL
343791,Ruchi Realty Private Limited,0.0,509020,RUCHINFRA,16.7,3750000000,224550898.203593,Sep 2023,2023-01-09,,EQUAL
343792,Ruchi Realty Private Limited,0.0,509020,RUCHINFRA,16.7,3750000000,224550898.203593,Dec 2023,2023-01-12,,EQUAL
343793,Ruchi Realty Private Limited,4.18,509020,RUCHINFRA,16.7,3750000000,224550898.203593,Mar 2024,2024-01-03,inf,UP
343794,Ruchi Realty Private Limited,4.18,509020,RUCHINFRA,16.7,3750000000,224550898.203593,Jun 2024,2024-01-06,0.0,EQUAL
343795,Ruchi Realty Private Limited,8.7,509020,RUCHINFRA,16.7,3750000000,224550898.203593,Aug 2024,2024-01-08,108.133971291866,UP
343796,Ruchi Shahra,1.17,509020,RUCHINFRA,16.7,3750000000,224550898.203593,Dec 2021,2021-01-12,,EQUAL
343797,Ruchi Shahra,1.17,509020,RUCHINFRA,16.7,3750000000,224550898.203593,Mar 2022,2022-01-03,0.0,EQUAL
343798,Ruchi Shahra,1.17,509020,RUCHINFRA,16.7,3750000000,224550898.203593,Jun 2022,2022-01-06,0.0,EQUAL
343799,Ruchi Shahra,1.17,509020,RUCHINFRA,16.7,3750000000,224550898.203593,Sep 2022,2022-01-09,0.0,EQUAL
343800,Ruchi Shahra,1.17,509020,RUCHINFRA,16.7,3750000000,224550898.203593,Dec 2022,2022-01-12,0.0,EQUAL
343801,Ruchi Shahra,1.11,509020,RUCHINFRA,16.7,3750000000,224550898.203593,Mar 2023,2023-01-03,-5.12820512820511,Down
343802,Ruchi Shahra,1.11,509020,RUCHINFRA,16.7,3750000000,224550898.203593,Jun 2023,2023-01-06,0.0,EQUAL
343803,Ruchi Shahra,1.11,509020,RUCHINFRA,16.7,3750000000,224550898.203593,Sep 2023,2023-01-09,0.0,EQUAL
343816,Ruchi Soya Industries Limited,13.31,509020,RUCHINFRA,16.7,3750000000,224550898.203593,Dec 2021,2021-01-12,,EQUAL
343817,Ruchi Soya Industries Limited,13.31,509020,RUCHINFRA,16.7,3750000000,224550898.203593,Mar 2022,2022-01-03,0.0,EQUAL
343818,Ruchi Soya Industries Limited,13.26,509020,RUCHINFRA,16.7,3750000000,224550898.203593,Jun 2022,2022-01-06,-0.375657400450791,Down
343819,Ruchi Soya Industries Limited,13.26,509020,RUCHINFRA,16.7,3750000000,224550898.203593,Sep 2022,2022-01-09,0.0,EQUAL
343820,Ruchi Soya Industries Limited,13.26,509020,RUCHINFRA,16.7,3750000000,224550898.203593,Dec 2022,2022-01-12,0.0,EQUAL
363945,Santosh Shahra,3.51,509020,RUCHINFRA,16.7,3750000000,224550898.203593,Dec 2021,2021-01-12,1426.08695652174,UP
363946,Santosh Shahra,3.51,509020,RUCHINFRA,16.7,3750000000,224550898.203593,Mar 2022,2022-01-03,0.0,EQUAL
363947,Santosh Shahra,3.51,509020,RUCHINFRA,16.7,3750000000,224550898.203593,Jun 2022,2022-01-06,0.0,EQUAL
363948,Santosh Shahra,3.51,509020,RUCHINFRA,16.7,3750000000,224550898.203593,Sep 2022,2022-01-09,0.0,EQUAL
363949,Santosh Shahra,3.51,509020,RUCHINFRA,16.7,3750000000,224550898.203593,Dec 2022,2022-01-12,0.0,EQUAL
363950,Santosh Shahra,3.34,509020,RUCHINFRA,16.7,3750000000,224550898.203593,Mar 2023,2023-01-03,-4.84330484330484,Down
363951,Santosh Shahra,3.34,509020,RUCHINFRA,16.7,3750000000,224550898.203593,Jun 2023,2023-01-06,0.0,EQUAL
363952,Santosh Shahra,3.34,509020,RUCHINFRA,16.7,3750000000,224550898.203593,Sep 2023,2023-01-09,0.0,EQUAL
363953,Santosh Shahra,3.34,509020,RUCHINFRA,16.7,3750000000,224550898.203593,Dec 2023,2023-01-12,0.0,EQUAL
363954,Santosh Shahra,3.2,509020,RUCHINFRA,16.7,3750000000,224550898.203593,Mar 2024,2024-01-03,-4.19161676646706,Down
363955,Santosh Shahra,3.2,509020,RUCHINFRA,16.7,3750000000,224550898.203593,Jun 2024,2024-01-06,0.0,EQUAL
363956,Santosh Shahra,3.05,509020,RUCHINFRA,16.7,3750000000,224550898.203593,Aug 2024,2024-01-08,-4.68750000000001,Down
367174,Sarthak Industries Limited,0.95,509020,RUCHINFRA,16.7,3750000000,224550898.203593,Dec 2021,2021-01-12,,EQUAL
367175,Sarthak Industries Limited,0.95,509020,RUCHINFRA,16.7,3750000000,224550898.203593,Mar 2022,2022-01-03,0.0,EQUAL
367176,Sarthak Industries Limited,0.95,509020,RUCHINFRA,16.7,3750000000,224550898.203593,Jun 2022,2022-01-06,0.0,EQUAL
367177,Sarthak Industries Limited,0.95,509020,RUCHINFRA,16.7,3750000000,224550898.203593,Sep 2022,2022-01-09,0.0,EQUAL
367178,Sarthak Industries Limited,0.95,509020,RUCHINFRA,16.7,3750000000,224550898.203593,Dec 2022,2022-01-12,0.0,EQUAL
367179,Sarthak Industries Limited,0.91,509020,RUCHINFRA,16.7,3750000000,224550898.203593,Mar 2023,2023-01-03,-4.21052631578946,Down
367180,Sarthak Industries Limited,0.91,509020,RUCHINFRA,16.7,3750000000,224550898.203593,Jun 2023,2023-01-06,0.0,EQUAL
367181,Sarthak Industries Limited,0.91,509020,RUCHINFRA,16.7,3750000000,224550898.203593,Sep 2023,2023-01-09,0.0,EQUAL
367182,Sarthak Industries Limited,0.91,509020,RUCHINFRA,16.7,3750000000,224550898.203593,Dec 2023,2023-01-12,0.0,EQUAL
367183,Sarthak Industries Limited,0.87,509020,RUCHINFRA,16.7,3750000000,224550898.203593,Mar 2024,2024-01-03,-4.3956043956044,Down
367184,Sarthak Industries Limited,0.87,509020,RUCHINFRA,16.7,3750000000,224550898.203593,Jun 2024,2024-01-06,0.0,EQUAL
367185,Sarthak Industries Limited,0.83,509020,RUCHINFRA,16.7,3750000000,224550898.203593,Aug 2024,2024-01-08,-4.59770114942529,Down
367312,Sarvesh D Shahra,0.0,509020,RUCHINFRA,16.7,3750000000,224550898.203593,Dec 2021,2021-01-12,,EQUAL
367313,Sarvesh D Shahra,0.0,509020,RUCHINFRA,16.7,3750000000,224550898.203593,Mar 2022,2022-01-03,,EQUAL
367314,Sarvesh D Shahra,0.0,509020,RUCHINFRA,16.7,3750000000,224550898.203593,Jun 2022,2022-01-06,,EQUAL
367315,Sarvesh D Shahra,0.0,509020,RUCHINFRA,16.7,3750000000,224550898.203593,Sep 2022,2022-01-09,,EQUAL
367316,Sarvesh D Shahra,0.0,509020,RUCHINFRA,16.7,3750000000,224550898.203593,Dec 2022,2022-01-12,,EQUAL
367317,Sarvesh D Shahra,0.0,509020,RUCHINFRA,16.7,3750000000,224550898.203593,Mar 2023,2023-01-03,,EQUAL
367318,Sarvesh D Shahra,0.0,509020,RUCHINFRA,16.7,3750000000,224550898.203593,Jun 2023,2023-01-06,,EQUAL
367319,Sarvesh D Shahra,0.0,509020,RUCHINFRA,16.7,3750000000,224550898.203593,Sep 2023,2023-01-09,,EQUAL
367320,Sarvesh D Shahra,0.0,509020,RUCHINFRA,16.7,3750000000,224550898.203593,Dec 2023,2023-01-12,,EQUAL
367321,Sarvesh D Shahra,0.0,509020,RUCHINFRA,16.7,3750000000,224550898.203593,Mar 2024,2024-01-03,,EQUAL
367322,Sarvesh D Shahra,0.0,509020,RUCHINFRA,16.7,3750000000,224550898.203593,Jun 2024,2024-01-06,,EQUAL
367323,Sarvesh D Shahra,0.0,509020,RUCHINFRA,16.7,3750000000,224550898.203593,Aug 2024,2024-01-08,,EQUAL
370866,Savitri Devi Shahra,0.0,509020,RUCHINFRA,16.7,3750000000,224550898.203593,Dec 2021,2021-01-12,,EQUAL
370867,Savitri Devi Shahra,0.0,509020,RUCHINFRA,16.7,3750000000,224550898.203593,Mar 2022,2022-01-03,,EQUAL
370868,Savitri Devi Shahra,0.0,509020,RUCHINFRA,16.7,3750000000,224550898.203593,Jun 2022,2022-01-06,,EQUAL
370869,Savitri Devi Shahra,0.0,509020,RUCHINFRA,16.7,3750000000,224550898.203593,Sep 2022,2022-01-09,,EQUAL
370870,Savitri Devi Shahra,0.0,509020,RUCHINFRA,16.7,3750000000,224550898.203593,Dec 2022,2022-01-12,,EQUAL
370871,Savitri Devi Shahra,0.0,509020,RUCHINFRA,16.7,3750000000,224550898.203593,Mar 2023,2023-01-03,,EQUAL
370872,Savitri Devi Shahra,0.0,509020,RUCHINFRA,16.7,3750000000,224550898.203593,Jun 2023,2023-01-06,,EQUAL
370873,Savitri Devi Shahra,0.0,509020,RUCHINFRA,16.7,3750000000,224550898.203593,Sep 2023,2023-01-09,,EQUAL
370874,Savitri Devi Shahra,0.0,509020,RUCHINFRA,16.7,3750000000,224550898.203593,Dec 2023,2023-01-12,,EQUAL
370875,Savitri Devi Shahra,0.0,509020,RUCHINFRA,16.7,3750000000,224550898.203593,Mar 2024,2024-01-03,,EQUAL
370876,Savitri Devi Shahra,0.0,509020,RUCHINFRA,16.7,3750000000,224550898.203593,Jun 2024,2024-01-06,,EQUAL
370877,Savitri Devi Shahra,0.0,509020,RUCHINFRA,16.7,3750000000,224550898.203593,Aug 2024,2024-01-08,,EQUAL
374461,Shahra Brothers Private Limited,0.72,509020,RUCHINFRA,16.7,3750000000,224550898.203593,Dec 2021,2021-01-12,,EQUAL
374462,Shahra Brothers Private Limited,0.72,509020,RUCHINFRA,16.7,3750000000,224550898.203593,Mar 2022,2022-01-03,0.0,EQUAL
374463,Shahra Brothers Private Limited,0.72,509020,RUCHINFRA,16.7,3750000000,224550898.203593,Jun 2022,2022-01-06,0.0,EQUAL
374464,Shahra Brothers Private Limited,0.72,509020,RUCHINFRA,16.7,3750000000,224550898.203593,Sep 2022,2022-01-09,0.0,EQUAL
374465,Shahra Brothers Private Limited,0.72,509020,RUCHINFRA,16.7,3750000000,224550898.203593,Dec 2022,2022-01-12,0.0,EQUAL
374466,Shahra Brothers Private Limited,0.68,509020,RUCHINFRA,16.7,3750000000,224550898.203593,Mar 2023,2023-01-03,-5.55555555555555,Down
374467,Shahra Brothers Private Limited,0.68,509020,RUCHINFRA,16.7,3750000000,224550898.203593,Jun 2023,2023-01-06,0.0,EQUAL
374468,Shahra Brothers Private Limited,0.68,509020,RUCHINFRA,16.7,3750000000,224550898.203593,Sep 2023,2023-01-09,0.0,EQUAL
374469,Shahra Brothers Private Limited,0.68,509020,RUCHINFRA,16.7,3750000000,224550898.203593,Dec 2023,2023-01-12,0.0,EQUAL
374470,Shahra Brothers Private Limited,0.65,509020,RUCHINFRA,16.7,3750000000,224550898.203593,Mar 2024,2024-01-03,-4.41176470588236,Down
374471,Shahra Brothers Private Limited,0.65,509020,RUCHINFRA,16.7,3750000000,224550898.203593,Jun 2024,2024-01-06,0.0,EQUAL
374472,Shahra Brothers Private Limited,0.62,509020,RUCHINFRA,16.7,3750000000,224550898.203593,Aug 2024,2024-01-08,-4.61538461538462,Down
404162,Soyumm Marketing Private Limited,3.58,509020,RUCHINFRA,16.7,3750000000,224550898.203593,Dec 2021,2021-01-12,,EQUAL
404163,Soyumm Marketing Private Limited,3.58,509020,RUCHINFRA,16.7,3750000000,224550898.203593,Mar 2022,2022-01-03,0.0,EQUAL
404164,Soyumm Marketing Private Limited,3.58,509020,RUCHINFRA,16.7,3750000000,224550898.203593,Jun 2022,2022-01-06,0.0,EQUAL
404165,Soyumm Marketing Private Limited,3.58,509020,RUCHINFRA,16.7,3750000000,224550898.203593,Sep 2022,2022-01-09,0.0,EQUAL
404166,Soyumm Marketing Private Limited,3.58,509020,RUCHINFRA,16.7,3750000000,224550898.203593,Dec 2022,2022-01-12,0.0,EQUAL
404167,Soyumm Marketing Private Limited,3.41,509020,RUCHINFRA,16.7,3750000000,224550898.203593,Mar 2023,2023-01-03,-4.74860335195531,Down
404168,Soyumm Marketing Private Limited,3.41,509020,RUCHINFRA,16.7,3750000000,224550898.203593,Jun 2023,2023-01-06,0.0,EQUAL
404169,Soyumm Marketing Private Limited,3.41,509020,RUCHINFRA,16.7,3750000000,224550898.203593,Sep 2023,2023-01-09,0.0,EQUAL
404170,Soyumm Marketing Private Limited,3.41,509020,RUCHINFRA,16.7,3750000000,224550898.203593,Dec 2023,2023-01-12,0.0,EQUAL
404171,Soyumm Marketing Private Limited,3.27,509020,RUCHINFRA,16.7,3750000000,224550898.203593,Mar 2024,2024-01-03,-4.10557184750734,Down
404172,Soyumm Marketing Private Limited,3.27,509020,RUCHINFRA,16.7,3750000000,224550898.203593,Jun 2024,2024-01-06,0.0,EQUAL
404173,Soyumm Marketing Private Limited,3.12,509020,RUCHINFRA,16.7,3750000000,224550898.203593,Aug 2024,2024-01-08,-4.58715596330275,Down
415729,Sunaina Shahra,1.17,509020,RUCHINFRA,16.7,3750000000,224550898.203593,Dec 2021,2021-01-12,,EQUAL
415730,Sunaina Shahra,1.17,509020,RUCHINFRA,16.7,3750000000,224550898.203593,Mar 2022,2022-01-03,0.0,EQUAL
415731,Sunaina Shahra,1.17,509020,RUCHINFRA,16.7,3750000000,224550898.203593,Jun 2022,2022-01-06,0.0,EQUAL
415732,Sunaina Shahra,1.17,509020,RUCHINFRA,16.7,3750000000,224550898.203593,Sep 2022,2022-01-09,0.0,EQUAL
415733,Sunaina Shahra,1.17,509020,RUCHINFRA,16.7,3750000000,224550898.203593,Dec 2022,2022-01-12,0.0,EQUAL
415734,Sunaina Shahra,1.11,509020,RUCHINFRA,16.7,3750000000,224550898.203593,Mar 2023,2023-01-03,-5.12820512820511,Down
415735,Sunaina Shahra,1.11,509020,RUCHINFRA,16.7,3750000000,224550898.203593,Jun 2023,2023-01-06,0.0,EQUAL
415736,Sunaina Shahra,1.11,509020,RUCHINFRA,16.7,3750000000,224550898.203593,Sep 2023,2023-01-09,0.0,EQUAL
415737,Sunaina Shahra,1.11,509020,RUCHINFRA,16.7,3750000000,224550898.203593,Dec 2023,2023-01-12,0.0,EQUAL
415738,Sunaina Shahra,1.07,509020,RUCHINFRA,16.7,3750000000,224550898.203593,Mar 2024,2024-01-03,-3.60360360360361,Down
415739,Sunaina Shahra,1.07,509020,RUCHINFRA,16.7,3750000000,224550898.203593,Jun 2024,2024-01-06,0.0,EQUAL
415740,Sunaina Shahra,1.02,509020,RUCHINFRA,16.7,3750000000,224550898.203593,Aug 2024,2024-01-08,-4.67289719626168,Down
421921,Suresh Chandra Shahra HUF,0.58,509020,RUCHINFRA,16.7,3750000000,224550898.203593,Dec 2021,2021-01-12,,EQUAL
421922,Suresh Chandra Shahra HUF,0.58,509020,RUCHINFRA,16.7,3750000000,224550898.203593,Mar 2022,2022-01-03,0.0,EQUAL
421923,Suresh Chandra Shahra HUF,0.58,509020,RUCHINFRA,16.7,3750000000,224550898.203593,Jun 2022,2022-01-06,0.0,EQUAL
421924,Suresh Chandra Shahra HUF,0.58,509020,RUCHINFRA,16.7,3750000000,224550898.203593,Sep 2022,2022-01-09,0.0,EQUAL
421925,Suresh Chandra Shahra HUF,0.58,509020,RUCHINFRA,16.7,3750000000,224550898.203593,Dec 2022,2022-01-12,0.0,EQUAL
421926,Suresh Chandra Shahra HUF,0.56,509020,RUCHINFRA,16.7,3750000000,224550898.203593,Mar 2023,2023-01-03,-3.44827586206895,Down
421927,Suresh Chandra Shahra HUF,0.56,509020,RUCHINFRA,16.7,3750000000,224550898.203593,Jun 2023,2023-01-06,0.0,EQUAL
421928,Suresh Chandra Shahra HUF,0.56,509020,RUCHINFRA,16.7,3750000000,224550898.203593,Sep 2023,2023-01-09,0.0,EQUAL
421929,Suresh Chandra Shahra HUF,0.56,509020,RUCHINFRA,16.7,3750000000,224550898.203593,Dec 2023,2023-01-12,0.0,EQUAL
421930,Suresh Chandra Shahra HUF,0.53,509020,RUCHINFRA,16.7,3750000000,224550898.203593,Mar 2024,2024-01-03,-5.35714285714286,Down
421931,Suresh Chandra Shahra HUF,0.53,509020,RUCHINFRA,16.7,3750000000,224550898.203593,Jun 2024,2024-01-06,0.0,EQUAL
421932,Suresh Chandra Shahra HUF,0.51,509020,RUCHINFRA,16.7,3750000000,224550898.203593,Aug 2024,2024-01-08,-3.77358490566038,Down
425917,Suyash Shahra Trustee of Shashwat Trust,8.77,509020,RUCHINFRA,16.7,3750000000,224550898.203593,Mar 2022,2022-01-03,,EQUAL
425918,Suyash Shahra Trustee of Shashwat Trust,8.77,509020,RUCHINFRA,16.7,3750000000,224550898.203593,Jun 2022,2022-01-06,0.0,EQUAL
425919,Suyash Shahra Trustee of Shashwat Trust,8.77,509020,RUCHINFRA,16.7,3750000000,224550898.203593,Sep 2022,2022-01-09,0.0,EQUAL
425920,Suyash Shahra Trustee of Shashwat Trust,8.77,509020,RUCHINFRA,16.7,3750000000,224550898.203593,Dec 2022,2022-01-12,0.0,EQUAL
425921,Suyash Shahra Trustee of Shashwat Trust,8.35,509020,RUCHINFRA,16.7,3750000000,224550898.203593,Mar 2023,2023-01-03,-4.78905359179019,Down
425922,Suyash Shahra Trustee of Shashwat Trust,8.35,509020,RUCHINFRA,16.7,3750000000,224550898.203593,Jun 2023,2023-01-06,0.0,EQUAL
425923,Suyash Shahra Trustee of Shashwat Trust,8.35,509020,RUCHINFRA,16.7,3750000000,224550898.203593,Sep 2023,2023-01-09,0.0,EQUAL
425924,Suyash Shahra Trustee of Shashwat Trust,8.35,509020,RUCHINFRA,16.7,3750000000,224550898.203593,Dec 2023,2023-01-12,0.0,EQUAL
425925,Suyash Shahra Trustee of Shashwat Trust,8.0,509020,RUCHINFRA,16.7,3750000000,224550898.203593,Mar 2024,2024-01-03,-4.19161676646707,Down
425926,Suyash Shahra Trustee of Shashwat Trust,8.0,509020,RUCHINFRA,16.7,3750000000,224550898.203593,Jun 2024,2024-01-06,0.0,EQUAL
425927,Suyash Shahra Trustee of Shashwat Trust,7.63,509020,RUCHINFRA,16.7,3750000000,224550898.203593,Aug 2024,2024-01-08,-4.625,Down
443945,Umesh Shahra,0.0,509020,RUCHINFRA,16.7,3750000000,224550898.203593,Dec 2021,2021-01-12,,EQUAL
443946,Umesh Shahra,0.0,509020,RUCHINFRA,16.7,3750000000,224550898.203593,Mar 2022,2022-01-03,,EQUAL
443947,Umesh Shahra,0.0,509020,RUCHINFRA,16.7,3750000000,224550898.203593,Jun 2022,2022-01-06,,EQUAL
443948,Umesh Shahra,0.0,509020,RUCHINFRA,16.7,3750000000,224550898.203593,Sep 2022,2022-01-09,,EQUAL
443949,Umesh Shahra,0.0,509020,RUCHINFRA,16.7,3750000000,224550898.203593,Dec 2022,2022-01-12,,EQUAL
443950,Umesh Shahra,0.0,509020,RUCHINFRA,16.7,3750000000,224550898.203593,Mar 2023,2023-01-03,,EQUAL
443951,Umesh Shahra,0.0,509020,RUCHINFRA,16.7,3750000000,224550898.203593,Jun 2023,2023-01-06,,EQUAL
443952,Umesh Shahra,0.0,509020,RUCHINFRA,16.7,3750000000,224550898.203593,Sep 2023,2023-01-09,,EQUAL
443953,Umesh Shahra,0.0,509020,RUCHINFRA,16.7,3750000000,224550898.203593,Dec 2023,2023-01-12,,EQUAL
443954,Umesh Shahra,0.0,509020,RUCHINFRA,16.7,3750000000,224550898.203593,Mar 2024,2024-01-03,,EQUAL
443955,Umesh Shahra,0.0,509020,RUCHINFRA,16.7,3750000000,224550898.203593,Jun 2024,2024-01-06,,EQUAL
443956,Umesh Shahra,0.0,509020,RUCHINFRA,16.7,3750000000,224550898.203593,Aug 2024,2024-01-08,,EQUAL
443959,Umesh Shahra Trustee Of Shashwat Trust,8.77,509020,RUCHINFRA,16.7,3750000000,224550898.203593,Dec 2021,2021-01-12,,EQUAL
447179,Usha Shahra,0.58,509020,RUCHINFRA,16.7,3750000000,224550898.203593,Dec 2021,2021-01-12,222.222222222222,UP
447180,Usha Shahra,0.58,509020,RUCHINFRA,16.7,3750000000,224550898.203593,Mar 2022,2022-01-03,0.0,EQUAL
447181,Usha Shahra,0.58,509020,RUCHINFRA,16.7,3750000000,224550898.203593,Jun 2022,2022-01-06,0.0,EQUAL
447182,Usha Shahra,0.58,509020,RUCHINFRA,16.7,3750000000,224550898.203593,Sep 2022,2022-01-09,0.0,EQUAL
447183,Usha Shahra,0.58,509020,RUCHINFRA,16.7,3750000000,224550898.203593,Dec 2022,2022-01-12,0.0,EQUAL
447184,Usha Shahra,0.56,509020,RUCHINFRA,16.7,3750000000,224550898.203593,Mar 2023,2023-01-03,-3.44827586206895,Down
447185,Usha Shahra,0.56,509020,RUCHINFRA,16.7,3750000000,224550898.203593,Jun 2023,2023-01-06,0.0,EQUAL
447186,Usha Shahra,0.56,509020,RUCHINFRA,16.7,3750000000,224550898.203593,Sep 2023,2023-01-09,0.0,EQUAL
447187,Usha Shahra,0.56,509020,RUCHINFRA,16.7,3750000000,224550898.203593,Dec 2023,2023-01-12,0.0,EQUAL
447188,Usha Shahra,0.53,509020,RUCHINFRA,16.7,3750000000,224550898.203593,Mar 2024,2024-01-03,-5.35714285714286,Down
447189,Usha Shahra,0.53,509020,RUCHINFRA,16.7,3750000000,224550898.203593,Jun 2024,2024-01-06,0.0,EQUAL
447190,Usha Shahra,0.51,509020,RUCHINFRA,16.7,3750000000,224550898.203593,Aug 2024,2024-01-08,-3.77358490566038,Down
464936,Viksit Engineering Limited,0.0,509020,RUCHINFRA,16.7,3750000000,224550898.203593,Dec 2021,2021-01-12,,EQUAL
464937,Viksit Engineering Limited,0.0,509020,RUCHINFRA,16.7,3750000000,224550898.203593,Mar 2022,2022-01-03,,EQUAL
464938,Viksit Engineering Limited,0.0,509020,RUCHINFRA,16.7,3750000000,224550898.203593,Jun 2022,2022-01-06,,EQUAL
464939,Viksit Engineering Limited,0.0,509020,RUCHINFRA,16.7,3750000000,224550898.203593,Sep 2022,2022-01-09,,EQUAL
464940,Viksit Engineering Limited,0.0,509020,RUCHINFRA,16.7,3750000000,224550898.203593,Dec 2022,2022-01-12,,EQUAL
464941,Viksit Engineering Limited,0.0,509020,RUCHINFRA,16.7,3750000000,224550898.203593,Mar 2023,2023-01-03,,EQUAL
464942,Viksit Engineering Limited,0.0,509020,RUCHINFRA,16.7,3750000000,224550898.203593,Jun 2023,2023-01-06,,EQUAL
464943,Viksit Engineering Limited,0.0,509020,RUCHINFRA,16.7,3750000000,224550898.203593,Sep 2023,2023-01-09,,EQUAL
464944,Viksit Engineering Limited,0.0,509020,RUCHINFRA,16.7,3750000000,224550898.203593,Dec 2023,2023-01-12,,EQUAL
464945,Viksit Engineering Limited,0.0,509020,RUCHINFRA,16.7,3750000000,224550898.203593,Mar 2024,2024-01-03,,EQUAL
464946,Viksit Engineering Limited,0.0,509020,RUCHINFRA,16.7,3750000000,224550898.203593,Jun 2024,2024-01-06,,EQUAL
464947,Viksit Engineering Limited,0.0,509020,RUCHINFRA,16.7,3750000000,224550898.203593,Aug 2024,2024-01-08,,EQUAL
471144,Vishesh Shahra,2.34,509020,RUCHINFRA,16.7,3750000000,224550898.203593,Dec 2021,2021-01-12,2240.0,UP
471145,Vishesh Shahra,2.34,509020,RUCHINFRA,16.7,3750000000,224550898.203593,Mar 2022,2022-01-03,0.0,EQUAL
471146,Vishesh Shahra,2.34,509020,RUCHINFRA,16.7,3750000000,224550898.203593,Jun 2022,2022-01-06,0.0,EQUAL
471147,Vishesh Shahra,2.34,509020,RUCHINFRA,16.7,3750000000,224550898.203593,Sep 2022,2022-01-09,0.0,EQUAL
471148,Vishesh Shahra,2.34,509020,RUCHINFRA,16.7,3750000000,224550898.203593,Dec 2022,2022-01-12,0.0,EQUAL
471149,Vishesh Shahra,2.23,509020,RUCHINFRA,16.7,3750000000,224550898.203593,Mar 2023,2023-01-03,-4.7008547008547,Down
471150,Vishesh Shahra,2.23,509020,RUCHINFRA,16.7,3750000000,224550898.203593,Jun 2023,2023-01-06,0.0,EQUAL
471151,Vishesh Shahra,2.23,509020,RUCHINFRA,16.7,3750000000,224550898.203593,Sep 2023,2023-01-09,0.0,EQUAL
471152,Vishesh Shahra,2.23,509020,RUCHINFRA,16.7,3750000000,224550898.203593,Dec 2023,2023-01-12,0.0,EQUAL
471153,Vishesh Shahra,2.13,509020,RUCHINFRA,16.7,3750000000,224550898.203593,Mar 2024,2024-01-03,-4.48430493273543,Down
471154,Vishesh Shahra,2.13,509020,RUCHINFRA,16.7,3750000000,224550898.203593,Jun 2024,2024-01-06,0.0,EQUAL
471155,Vishesh Shahra,2.03,509020,RUCHINFRA,16.7,3750000000,224550898.203593,Aug 2024,2024-01-08,-4.69483568075118,Down
