Promoter,,Promoter,Share,BSE Code,NSE Code,Price,MCap,TotalShares,CaptureDate,Date,Share_Change,ch
President Of India,5395,President Of India,56.89,500108,MTNL,61.6,38780000000.0,629545454.5454545,Sep 2021,01-09-2021,,EQUAL
President Of India,5396,President Of India,56.89,500108,MTNL,61.6,38780000000.0,629545454.5454545,Dec 2021,01-12-2021,0.0,EQUAL
President Of India,5397,President Of India,56.89,500108,MTNL,61.6,38780000000.0,629545454.5454545,Mar 2022,01-03-2022,0.0,EQUAL
President Of India,5398,President Of India,56.89,500108,MTNL,61.6,38780000000.0,629545454.5454545,Jun 2022,01-06-2022,0.0,EQUAL
President Of India,5399,President Of India,56.89,500108,MTNL,61.6,38780000000.0,629545454.5454545,Sep 2022,01-09-2022,0.0,EQUAL
President Of India,5400,President Of India,56.82,500108,MTNL,61.6,38780000000.0,629545454.5454545,Dec 2022,01-12-2022,-0.12304447178765887,Down
President Of India,5401,President Of India,56.82,500108,MTNL,61.6,38780000000.0,629545454.5454545,Mar 2023,01-03-2023,0.0,EQUAL
President Of India,5402,President Of India,56.82,500108,MTNL,61.6,38780000000.0,629545454.5454545,Jun 2023,01-06-2023,0.0,EQUAL
President Of India,5403,President Of India,56.82,500108,MTNL,61.6,38780000000.0,629545454.5454545,Sep 2023,01-09-2023,0.0,EQUAL
President Of India,5404,President Of India,56.25,500108,MTNL,61.6,38780000000.0,629545454.5454545,Dec 2023,01-12-2023,-1.003167898627244,Down
President Of India,5405,President Of India,56.25,500108,MTNL,61.6,38780000000.0,629545454.5454545,Mar 2024,01-03-2024,0.0,EQUAL
President Of India,5406,President Of India,56.25,500108,MTNL,61.6,38780000000.0,629545454.5454545,Jun 2024,01-06-2024,0.0,EQUAL
President Of India,27124,President Of India,56.66,533106,OIL,682.0,1108940000000.0,1626011730.2052786,Dec 2021,01-12-2021,0.72888888888889,UP
President Of India,27125,President Of India,56.66,533106,OIL,682.0,1108940000000.0,1626011730.2052786,Mar 2022,01-03-2022,0.0,EQUAL
President Of India,27126,President Of India,56.66,533106,OIL,682.0,1108940000000.0,1626011730.2052786,Jun 2022,01-06-2022,0.0,EQUAL
President Of India,27127,President Of India,56.66,533106,OIL,682.0,1108940000000.0,1626011730.2052786,Sep 2022,01-09-2022,0.0,EQUAL
President Of India,27128,President Of India,56.66,533106,OIL,682.0,1108940000000.0,1626011730.2052786,Dec 2022,01-12-2022,0.0,EQUAL
President Of India,27129,President Of India,56.66,533106,OIL,682.0,1108940000000.0,1626011730.2052786,Mar 2023,01-03-2023,0.0,EQUAL
President Of India,27130,President Of India,56.66,533106,OIL,682.0,1108940000000.0,1626011730.2052786,Jun 2023,01-06-2023,0.0,EQUAL
President Of India,27131,President Of India,56.66,533106,OIL,682.0,1108940000000.0,1626011730.2052786,Sep 2023,01-09-2023,0.0,EQUAL
President Of India,27132,President Of India,56.66,533106,OIL,682.0,1108940000000.0,1626011730.2052786,Dec 2023,01-12-2023,0.0,EQUAL
President Of India,27133,President Of India,56.66,533106,OIL,682.0,1108940000000.0,1626011730.2052786,Mar 2024,01-03-2024,0.0,EQUAL
President Of India,27134,President Of India,56.66,533106,OIL,682.0,1108940000000.0,1626011730.2052786,Jun 2024,01-06-2024,0.0,EQUAL
President Of India,27135,President Of India,56.66,533106,OIL,682.0,1108940000000.0,1626011730.2052786,Jul 2024,01-07-2024,0.0,EQUAL
President Of India,67000,President Of India,61.75,534309,NBCC,178.0,320740000000.0,1801910112.3595505,Sep 2021,01-09-2021,8.983409812919163,UP
President Of India,67001,President Of India,61.75,534309,NBCC,178.0,320740000000.0,1801910112.3595505,Dec 2021,01-12-2021,0.0,EQUAL
President Of India,67002,President Of India,61.75,534309,NBCC,178.0,320740000000.0,1801910112.3595505,Mar 2022,01-03-2022,0.0,EQUAL
President Of India,67003,President Of India,61.75,534309,NBCC,178.0,320740000000.0,1801910112.3595505,Jun 2022,01-06-2022,0.0,EQUAL
President Of India,67004,President Of India,61.75,534309,NBCC,178.0,320740000000.0,1801910112.3595505,Sep 2022,01-09-2022,0.0,EQUAL
President Of India,67005,President Of India,61.75,534309,NBCC,178.0,320740000000.0,1801910112.3595505,Dec 2022,01-12-2022,0.0,EQUAL
President Of India,67006,President Of India,61.75,534309,NBCC,178.0,320740000000.0,1801910112.3595505,Mar 2023,01-03-2023,0.0,EQUAL
President Of India,67007,President Of India,61.75,534309,NBCC,178.0,320740000000.0,1801910112.3595505,Jun 2023,01-06-2023,0.0,EQUAL
President Of India,67008,President Of India,61.75,534309,NBCC,178.0,320740000000.0,1801910112.3595505,Sep 2023,01-09-2023,0.0,EQUAL
President Of India,67009,President Of India,61.75,534309,NBCC,178.0,320740000000.0,1801910112.3595505,Dec 2023,01-12-2023,0.0,EQUAL
President Of India,67010,President Of India,61.75,534309,NBCC,178.0,320740000000.0,1801910112.3595505,Mar 2024,01-03-2024,0.0,EQUAL
President Of India,67011,President Of India,61.75,534309,NBCC,178.0,320740000000.0,1801910112.3595505,Jun 2024,01-06-2024,0.0,EQUAL
President Of India,70298,President Of India,52.98,500547,BPCL,352.0,1528240000000.0,4341590909.090909,Sep 2021,01-09-2021,-14.20242914979758,Down
President Of India,70299,President Of India,52.98,500547,BPCL,352.0,1528240000000.0,4341590909.090909,Dec 2021,01-12-2021,0.0,EQUAL
President Of India,70300,President Of India,52.98,500547,BPCL,352.0,1528240000000.0,4341590909.090909,Mar 2022,01-03-2022,0.0,EQUAL
President Of India,70301,President Of India,52.98,500547,BPCL,352.0,1528240000000.0,4341590909.090909,Jun 2022,01-06-2022,0.0,EQUAL
President Of India,70302,President Of India,52.98,500547,BPCL,352.0,1528240000000.0,4341590909.090909,Sep 2022,01-09-2022,0.0,EQUAL
President Of India,70303,President Of India,52.98,500547,BPCL,352.0,1528240000000.0,4341590909.090909,Dec 2022,01-12-2022,0.0,EQUAL
President Of India,70304,President Of India,52.98,500547,BPCL,352.0,1528240000000.0,4341590909.090909,Mar 2023,01-03-2023,0.0,EQUAL
President Of India,70305,President Of India,52.98,500547,BPCL,352.0,1528240000000.0,4341590909.090909,Jun 2023,01-06-2023,0.0,EQUAL
President Of India,70306,President Of India,52.98,500547,BPCL,352.0,1528240000000.0,4341590909.090909,Sep 2023,01-09-2023,0.0,EQUAL
President Of India,70307,President Of India,52.98,500547,BPCL,352.0,1528240000000.0,4341590909.090909,Dec 2023,01-12-2023,0.0,EQUAL
President Of India,70308,President Of India,52.98,500547,BPCL,352.0,1528240000000.0,4341590909.090909,Mar 2024,01-03-2024,0.0,EQUAL
President Of India,70309,President Of India,52.98,500547,BPCL,352.0,1528240000000.0,4341590909.090909,Jun 2024,01-06-2024,0.0,EQUAL
President Of India,75013,President Of India,96.5,543526,LICI,1061.0,6713040000000.0,6327087653.157398,Sep 2022,01-09-2022,82.14420536051341,UP
President Of India,75014,President Of India,96.5,543526,LICI,1061.0,6713040000000.0,6327087653.157398,Dec 2022,01-12-2022,0.0,EQUAL
President Of India,75015,President Of India,96.5,543526,LICI,1061.0,6713040000000.0,6327087653.157398,Mar 2023,01-03-2023,0.0,EQUAL
President Of India,75016,President Of India,96.5,543526,LICI,1061.0,6713040000000.0,6327087653.157398,Jun 2023,01-06-2023,0.0,EQUAL
President Of India,75017,President Of India,96.5,543526,LICI,1061.0,6713040000000.0,6327087653.157398,Sep 2023,01-09-2023,0.0,EQUAL
President Of India,75018,President Of India,96.5,543526,LICI,1061.0,6713040000000.0,6327087653.157398,Dec 2023,01-12-2023,0.0,EQUAL
President Of India,75019,President Of India,96.5,543526,LICI,1061.0,6713040000000.0,6327087653.157398,Mar 2024,01-03-2024,0.0,EQUAL
President Of India,75020,President Of India,96.5,543526,LICI,1061.0,6713040000000.0,6327087653.157398,Jun 2024,01-06-2024,0.0,EQUAL
President Of India,90055,President Of India,96.38,532388,IOB,62.1,1173650000000.0,18899355877.616745,Dec 2021,01-12-2021,-0.12435233160622561,Down
President Of India,90056,President Of India,96.38,532388,IOB,62.1,1173650000000.0,18899355877.616745,Mar 2022,01-03-2022,0.0,EQUAL
President Of India,90057,President Of India,96.38,532388,IOB,62.1,1173650000000.0,18899355877.616745,Jun 2022,01-06-2022,0.0,EQUAL
President Of India,90058,President Of India,96.38,532388,IOB,62.1,1173650000000.0,18899355877.616745,Sep 2022,01-09-2022,0.0,EQUAL
President Of India,90059,President Of India,96.38,532388,IOB,62.1,1173650000000.0,18899355877.616745,Dec 2022,01-12-2022,0.0,EQUAL
President Of India,90060,President Of India,96.38,532388,IOB,62.1,1173650000000.0,18899355877.616745,Mar 2023,01-03-2023,0.0,EQUAL
President Of India,90061,President Of India,96.38,532388,IOB,62.1,1173650000000.0,18899355877.616745,Jun 2023,01-06-2023,0.0,EQUAL
President Of India,90062,President Of India,96.38,532388,IOB,62.1,1173650000000.0,18899355877.616745,Sep 2023,01-09-2023,0.0,EQUAL
President Of India,90063,President Of India,96.38,532388,IOB,62.1,1173650000000.0,18899355877.616745,Dec 2023,01-12-2023,0.0,EQUAL
President Of India,90064,President Of India,96.38,532388,IOB,62.1,1173650000000.0,18899355877.616745,Mar 2024,01-03-2024,0.0,EQUAL
President Of India,90065,President Of India,96.38,532388,IOB,62.1,1173650000000.0,18899355877.616745,Jun 2024,01-06-2024,0.0,EQUAL
President Of India,92597,President Of India,63.17,500103,BHEL,296.0,1031210000000.0,3483817567.567568,Sep 2021,01-09-2021,-34.45735629798713,Down
President Of India,92598,President Of India,63.17,500103,BHEL,296.0,1031210000000.0,3483817567.567568,Dec 2021,01-12-2021,0.0,EQUAL
President Of India,92599,President Of India,63.17,500103,BHEL,296.0,1031210000000.0,3483817567.567568,Mar 2022,01-03-2022,0.0,EQUAL
President Of India,92600,President Of India,63.17,500103,BHEL,296.0,1031210000000.0,3483817567.567568,Jun 2022,01-06-2022,0.0,EQUAL
President Of India,92601,President Of India,63.17,500103,BHEL,296.0,1031210000000.0,3483817567.567568,Sep 2022,01-09-2022,0.0,EQUAL
President Of India,92602,President Of India,63.17,500103,BHEL,296.0,1031210000000.0,3483817567.567568,Dec 2022,01-12-2022,0.0,EQUAL
President Of India,92603,President Of India,63.17,500103,BHEL,296.0,1031210000000.0,3483817567.567568,Mar 2023,01-03-2023,0.0,EQUAL
President Of India,92604,President Of India,63.17,500103,BHEL,296.0,1031210000000.0,3483817567.567568,Jun 2023,01-06-2023,0.0,EQUAL
President Of India,92605,President Of India,63.17,500103,BHEL,296.0,1031210000000.0,3483817567.567568,Sep 2023,01-09-2023,0.0,EQUAL
President Of India,92606,President Of India,63.17,500103,BHEL,296.0,1031210000000.0,3483817567.567568,Dec 2023,01-12-2023,0.0,EQUAL
President Of India,92607,President Of India,63.17,500103,BHEL,296.0,1031210000000.0,3483817567.567568,Mar 2024,01-03-2024,0.0,EQUAL
President Of India,92608,President Of India,63.17,500103,BHEL,296.0,1031210000000.0,3483817567.567568,Jun 2024,01-06-2024,0.0,EQUAL
President Of India,102395,President Of India,66.14,513599,HINDCOPPER,316.0,305870000000.0,967943037.9746836,Sep 2021,01-09-2021,4.701598860218459,UP
President Of India,102396,President Of India,66.14,513599,HINDCOPPER,316.0,305870000000.0,967943037.9746836,Dec 2021,01-12-2021,0.0,EQUAL
President Of India,102397,President Of India,66.14,513599,HINDCOPPER,316.0,305870000000.0,967943037.9746836,Mar 2022,01-03-2022,0.0,EQUAL
President Of India,102398,President Of India,66.14,513599,HINDCOPPER,316.0,305870000000.0,967943037.9746836,Jun 2022,01-06-2022,0.0,EQUAL
President Of India,102399,President Of India,66.14,513599,HINDCOPPER,316.0,305870000000.0,967943037.9746836,Sep 2022,01-09-2022,0.0,EQUAL
President Of India,102400,President Of India,66.14,513599,HINDCOPPER,316.0,305870000000.0,967943037.9746836,Dec 2022,01-12-2022,0.0,EQUAL
President Of India,102401,President Of India,66.14,513599,HINDCOPPER,316.0,305870000000.0,967943037.9746836,Mar 2023,01-03-2023,0.0,EQUAL
President Of India,102402,President Of India,66.14,513599,HINDCOPPER,316.0,305870000000.0,967943037.9746836,Jun 2023,01-06-2023,0.0,EQUAL
President Of India,102403,President Of India,66.14,513599,HINDCOPPER,316.0,305870000000.0,967943037.9746836,Sep 2023,01-09-2023,0.0,EQUAL
President Of India,102404,President Of India,66.14,513599,HINDCOPPER,316.0,305870000000.0,967943037.9746836,Dec 2023,01-12-2023,0.0,EQUAL
President Of India,102405,President Of India,66.14,513599,HINDCOPPER,316.0,305870000000.0,967943037.9746836,Mar 2024,01-03-2024,0.0,EQUAL
President Of India,102406,President Of India,66.14,513599,HINDCOPPER,316.0,305870000000.0,967943037.9746836,Jun 2024,01-06-2024,0.0,EQUAL
President Of India,106182,President Of India,81.41,532149,BANKINDIA,121.0,548870000000.0,4536115702.479339,Sep 2021,01-09-2021,23.087390384033867,UP
President Of India,106183,President Of India,81.41,532149,BANKINDIA,121.0,548870000000.0,4536115702.479339,Dec 2021,01-12-2021,0.0,EQUAL
President Of India,106184,President Of India,81.41,532149,BANKINDIA,121.0,548870000000.0,4536115702.479339,Mar 2022,01-03-2022,0.0,EQUAL
President Of India,106185,President Of India,81.41,532149,BANKINDIA,121.0,548870000000.0,4536115702.479339,Jun 2022,01-06-2022,0.0,EQUAL
President Of India,106186,President Of India,81.41,532149,BANKINDIA,121.0,548870000000.0,4536115702.479339,Sep 2022,01-09-2022,0.0,EQUAL
President Of India,106187,President Of India,81.41,532149,BANKINDIA,121.0,548870000000.0,4536115702.479339,Dec 2022,01-12-2022,0.0,EQUAL
President Of India,106188,President Of India,81.41,532149,BANKINDIA,121.0,548870000000.0,4536115702.479339,Mar 2023,01-03-2023,0.0,EQUAL
President Of India,106189,President Of India,81.41,532149,BANKINDIA,121.0,548870000000.0,4536115702.479339,Jun 2023,01-06-2023,0.0,EQUAL
President Of India,106190,President Of India,81.41,532149,BANKINDIA,121.0,548870000000.0,4536115702.479339,Sep 2023,01-09-2023,0.0,EQUAL
President Of India,106192,President Of India,73.38,532149,BANKINDIA,121.0,548870000000.0,4536115702.479339,Mar 2024,01-03-2024,-9.863653113868075,Down
President Of India,106193,President Of India,73.38,532149,BANKINDIA,121.0,548870000000.0,4536115702.479339,Jun 2024,01-06-2024,0.0,EQUAL
President Of India,106468,President Of India,0.0,500483,TATACOMM,1927.0,549080000000.0,284940321.743643,Sep 2021,01-09-2021,-100.0,Down
President Of India,106472,President Of India,0.0,500483,TATACOMM,1927.0,549080000000.0,284940321.743643,Dec 2021,01-12-2021,,EQUAL
President Of India,106476,President Of India,0.0,500483,TATACOMM,1927.0,549080000000.0,284940321.743643,Mar 2022,01-03-2022,,EQUAL
President Of India,106480,President Of India,0.0,500483,TATACOMM,1927.0,549080000000.0,284940321.743643,Jun 2022,01-06-2022,,EQUAL
President Of India,106484,President Of India,0.0,500483,TATACOMM,1927.0,549080000000.0,284940321.743643,Sep 2022,01-09-2022,,EQUAL
President Of India,106488,President Of India,0.0,500483,TATACOMM,1927.0,549080000000.0,284940321.743643,Dec 2022,01-12-2022,,EQUAL
President Of India,106492,President Of India,0.0,500483,TATACOMM,1927.0,549080000000.0,284940321.743643,Mar 2023,01-03-2023,,EQUAL
President Of India,106496,President Of India,0.0,500483,TATACOMM,1927.0,549080000000.0,284940321.743643,Jun 2023,01-06-2023,,EQUAL
President Of India,106500,President Of India,0.0,500483,TATACOMM,1927.0,549080000000.0,284940321.743643,Sep 2023,01-09-2023,,EQUAL
President Of India,106504,President Of India,0.0,500483,TATACOMM,1927.0,549080000000.0,284940321.743643,Dec 2023,01-12-2023,,EQUAL
President Of India,106508,President Of India,0.0,500483,TATACOMM,1927.0,549080000000.0,284940321.743643,Mar 2024,01-03-2024,,EQUAL
President Of India,106512,President Of India,0.0,500483,TATACOMM,1927.0,549080000000.0,284940321.743643,Jun 2024,01-06-2024,,EQUAL
President Of India,113248,President Of India,54.03,543898,BLAL,275.0,11450000000.0,41636363.63636363,Jun 2023,01-06-2023,inf,UP
President Of India,113250,President Of India,54.03,543898,BLAL,275.0,11450000000.0,41636363.63636363,Dec 2023,01-12-2023,0.0,EQUAL
President Of India,113251,President Of India,54.03,543898,BLAL,275.0,11450000000.0,41636363.63636363,Mar 2024,01-03-2024,0.0,EQUAL
President Of India,113252,President Of India,54.03,543898,BLAL,275.0,11450000000.0,41636363.63636363,Jun 2024,01-06-2024,0.0,EQUAL
President Of India,114955,President Of India,72.2,541556,RITES,652.0,156590000000.0,240168711.6564417,Sep 2021,01-09-2021,33.629465111974824,UP
President Of India,114956,President Of India,72.2,541556,RITES,652.0,156590000000.0,240168711.6564417,Dec 2021,01-12-2021,0.0,EQUAL
President Of India,114957,President Of India,72.2,541556,RITES,652.0,156590000000.0,240168711.6564417,Mar 2022,01-03-2022,0.0,EQUAL
President Of India,114958,President Of India,72.2,541556,RITES,652.0,156590000000.0,240168711.6564417,Jun 2022,01-06-2022,0.0,EQUAL
President Of India,114959,President Of India,72.2,541556,RITES,652.0,156590000000.0,240168711.6564417,Sep 2022,01-09-2022,0.0,EQUAL
President Of India,114960,President Of India,72.2,541556,RITES,652.0,156590000000.0,240168711.6564417,Dec 2022,01-12-2022,0.0,EQUAL
President Of India,114961,President Of India,72.2,541556,RITES,652.0,156590000000.0,240168711.6564417,Mar 2023,01-03-2023,0.0,EQUAL
President Of India,114962,President Of India,72.2,541556,RITES,652.0,156590000000.0,240168711.6564417,Jun 2023,01-06-2023,0.0,EQUAL
President Of India,114963,President Of India,72.2,541556,RITES,652.0,156590000000.0,240168711.6564417,Sep 2023,01-09-2023,0.0,EQUAL
President Of India,114964,President Of India,72.2,541556,RITES,652.0,156590000000.0,240168711.6564417,Dec 2023,01-12-2023,0.0,EQUAL
President Of India,114965,President Of India,72.2,541556,RITES,652.0,156590000000.0,240168711.6564417,Mar 2024,01-03-2024,0.0,EQUAL
President Of India,114966,President Of India,72.2,541556,RITES,652.0,156590000000.0,240168711.6564417,Jun 2024,01-06-2024,0.0,EQUAL
President Of India,131496,President Of India,51.32,532178,ENGINERSIN,215.0,121090000000.0,563209302.3255814,Sep 2021,01-09-2021,-28.919667590027696,Down
President Of India,131497,President Of India,51.32,532178,ENGINERSIN,215.0,121090000000.0,563209302.3255814,Dec 2021,01-12-2021,0.0,EQUAL
President Of India,131498,President Of India,51.32,532178,ENGINERSIN,215.0,121090000000.0,563209302.3255814,Mar 2022,01-03-2022,0.0,EQUAL
President Of India,131499,President Of India,51.32,532178,ENGINERSIN,215.0,121090000000.0,563209302.3255814,Jun 2022,01-06-2022,0.0,EQUAL
President Of India,131500,President Of India,51.32,532178,ENGINERSIN,215.0,121090000000.0,563209302.3255814,Sep 2022,01-09-2022,0.0,EQUAL
President Of India,131501,President Of India,51.32,532178,ENGINERSIN,215.0,121090000000.0,563209302.3255814,Dec 2022,01-12-2022,0.0,EQUAL
President Of India,131502,President Of India,51.32,532178,ENGINERSIN,215.0,121090000000.0,563209302.3255814,Mar 2023,01-03-2023,0.0,EQUAL
President Of India,131503,President Of India,51.32,532178,ENGINERSIN,215.0,121090000000.0,563209302.3255814,Jun 2023,01-06-2023,0.0,EQUAL
President Of India,131504,President Of India,51.32,532178,ENGINERSIN,215.0,121090000000.0,563209302.3255814,Sep 2023,01-09-2023,0.0,EQUAL
President Of India,131505,President Of India,51.32,532178,ENGINERSIN,215.0,121090000000.0,563209302.3255814,Dec 2023,01-12-2023,0.0,EQUAL
President Of India,131506,President Of India,51.32,532178,ENGINERSIN,215.0,121090000000.0,563209302.3255814,Mar 2024,01-03-2024,0.0,EQUAL
President Of India,131507,President Of India,51.32,532178,ENGINERSIN,215.0,121090000000.0,563209302.3255814,Jun 2024,01-06-2024,0.0,EQUAL
President Of India,131765,President Of India,90.06,523610,ITI,297.0,285000000000.0,959595959.5959595,Sep 2021,01-09-2021,75.48713951675761,UP
President Of India,131767,President Of India,90.06,523610,ITI,297.0,285000000000.0,959595959.5959595,Dec 2021,01-12-2021,0.0,EQUAL
President Of India,131769,President Of India,89.97,523610,ITI,297.0,285000000000.0,959595959.5959595,Mar 2022,01-03-2022,-0.09993337774817368,Down
President Of India,131771,President Of India,90.06,523610,ITI,297.0,285000000000.0,959595959.5959595,Jun 2022,01-06-2022,0.10003334444814715,UP
President Of India,131773,President Of India,90.06,523610,ITI,297.0,285000000000.0,959595959.5959595,Sep 2022,01-09-2022,0.0,EQUAL
President Of India,131775,President Of India,90.14,523610,ITI,297.0,285000000000.0,959595959.5959595,Dec 2022,01-12-2022,0.08882966910948031,UP
President Of India,131777,President Of India,90.14,523610,ITI,297.0,285000000000.0,959595959.5959595,Mar 2023,01-03-2023,0.0,EQUAL
President Of India,131779,President Of India,90.25,523610,ITI,297.0,285000000000.0,959595959.5959595,Jun 2023,01-06-2023,0.12203239405368382,UP
President Of India,131781,President Of India,90.25,523610,ITI,297.0,285000000000.0,959595959.5959595,Sep 2023,01-09-2023,0.0,EQUAL
President Of India,131783,President Of India,90.25,523610,ITI,297.0,285000000000.0,959595959.5959595,Dec 2023,01-12-2023,0.0,EQUAL
President Of India,131785,President Of India,89.97,523610,ITI,297.0,285000000000.0,959595959.5959595,Mar 2024,01-03-2024,-0.31024930747922674,Down
President Of India,131787,President Of India,89.97,523610,ITI,297.0,285000000000.0,959595959.5959595,Jun 2024,01-06-2024,0.0,EQUAL
President Of India,142371,President Of India,64.74,542597,MSTCLTD,817.0,57530000000.0,70416156.67074664,Sep 2021,01-09-2021,-28.04268089363121,Down
President Of India,142377,President Of India,64.74,542597,MSTCLTD,817.0,57530000000.0,70416156.67074664,Dec 2021,01-12-2021,0.0,EQUAL
President Of India,142383,President Of India,64.74,542597,MSTCLTD,817.0,57530000000.0,70416156.67074664,Mar 2022,01-03-2022,0.0,EQUAL
President Of India,142389,President Of India,64.74,542597,MSTCLTD,817.0,57530000000.0,70416156.67074664,Jun 2022,01-06-2022,0.0,EQUAL
President Of India,142395,President Of India,64.74,542597,MSTCLTD,817.0,57530000000.0,70416156.67074664,Sep 2022,01-09-2022,0.0,EQUAL
President Of India,142401,President Of India,64.74,542597,MSTCLTD,817.0,57530000000.0,70416156.67074664,Dec 2022,01-12-2022,0.0,EQUAL
President Of India,142407,President Of India,64.74,542597,MSTCLTD,817.0,57530000000.0,70416156.67074664,Mar 2023,01-03-2023,0.0,EQUAL
President Of India,142413,President Of India,64.75,542597,MSTCLTD,817.0,57530000000.0,70416156.67074664,Jun 2023,01-06-2023,0.01544640098858352,UP
President Of India,142414,President Of India,64.75,542597,MSTCLTD,817.0,57530000000.0,70416156.67074664,Sep 2023,01-09-2023,0.0,EQUAL
President Of India,142415,President Of India,64.75,542597,MSTCLTD,817.0,57530000000.0,70416156.67074664,Dec 2023,01-12-2023,0.0,EQUAL
President Of India,142416,President Of India,64.75,542597,MSTCLTD,817.0,57530000000.0,70416156.67074664,Mar 2024,01-03-2024,0.0,EQUAL
President Of India,142417,President Of India,64.75,542597,MSTCLTD,817.0,57530000000.0,70416156.67074664,Jun 2024,01-06-2024,0.0,EQUAL
President Of India,158594,President Of India,51.28,532234,NATIONALUM,173.0,318030000000.0,1838323699.421965,Sep 2021,01-09-2021,-20.803088803088798,Down
President Of India,158595,President Of India,51.28,532234,NATIONALUM,173.0,318030000000.0,1838323699.421965,Dec 2021,01-12-2021,0.0,EQUAL
President Of India,158596,President Of India,51.28,532234,NATIONALUM,173.0,318030000000.0,1838323699.421965,Mar 2022,01-03-2022,0.0,EQUAL
President Of India,158597,President Of India,51.28,532234,NATIONALUM,173.0,318030000000.0,1838323699.421965,Jun 2022,01-06-2022,0.0,EQUAL
President Of India,158598,President Of India,51.28,532234,NATIONALUM,173.0,318030000000.0,1838323699.421965,Sep 2022,01-09-2022,0.0,EQUAL
President Of India,158599,President Of India,51.28,532234,NATIONALUM,173.0,318030000000.0,1838323699.421965,Dec 2022,01-12-2022,0.0,EQUAL
President Of India,158600,President Of India,51.28,532234,NATIONALUM,173.0,318030000000.0,1838323699.421965,Mar 2023,01-03-2023,0.0,EQUAL
President Of India,158601,President Of India,51.28,532234,NATIONALUM,173.0,318030000000.0,1838323699.421965,Jun 2023,01-06-2023,0.0,EQUAL
President Of India,158602,President Of India,51.28,532234,NATIONALUM,173.0,318030000000.0,1838323699.421965,Sep 2023,01-09-2023,0.0,EQUAL
President Of India,158603,President Of India,51.28,532234,NATIONALUM,173.0,318030000000.0,1838323699.421965,Dec 2023,01-12-2023,0.0,EQUAL
President Of India,158604,President Of India,51.28,532234,NATIONALUM,173.0,318030000000.0,1838323699.421965,Mar 2024,01-03-2024,0.0,EQUAL
President Of India,158605,President Of India,51.28,532234,NATIONALUM,173.0,318030000000.0,1838323699.421965,Jun 2024,01-06-2024,0.0,EQUAL
President Of India,168141,President Of India,95.39,532505,UCOBANK,51.9,620040000000.0,11946820809.248556,Sep 2021,01-09-2021,86.01794071762869,UP
President Of India,168142,President Of India,95.39,532505,UCOBANK,51.9,620040000000.0,11946820809.248556,Dec 2021,01-12-2021,0.0,EQUAL
President Of India,168143,President Of India,95.39,532505,UCOBANK,51.9,620040000000.0,11946820809.248556,Mar 2022,01-03-2022,0.0,EQUAL
President Of India,168144,President Of India,95.39,532505,UCOBANK,51.9,620040000000.0,11946820809.248556,Jun 2022,01-06-2022,0.0,EQUAL
President Of India,168145,President Of India,95.39,532505,UCOBANK,51.9,620040000000.0,11946820809.248556,Sep 2022,01-09-2022,0.0,EQUAL
President Of India,168146,President Of India,95.39,532505,UCOBANK,51.9,620040000000.0,11946820809.248556,Dec 2022,01-12-2022,0.0,EQUAL
President Of India,168147,President Of India,95.39,532505,UCOBANK,51.9,620040000000.0,11946820809.248556,Mar 2023,01-03-2023,0.0,EQUAL
President Of India,168148,President Of India,95.39,532505,UCOBANK,51.9,620040000000.0,11946820809.248556,Jun 2023,01-06-2023,0.0,EQUAL
President Of India,168149,President Of India,95.39,532505,UCOBANK,51.9,620040000000.0,11946820809.248556,Sep 2023,01-09-2023,0.0,EQUAL
President Of India,168150,President Of India,95.39,532505,UCOBANK,51.9,620040000000.0,11946820809.248556,Dec 2023,01-12-2023,0.0,EQUAL
President Of India,168151,President Of India,95.39,532505,UCOBANK,51.9,620040000000.0,11946820809.248556,Mar 2024,01-03-2024,0.0,EQUAL
President Of India,168152,President Of India,95.39,532505,UCOBANK,51.9,620040000000.0,11946820809.248556,Jun 2024,01-06-2024,0.0,EQUAL
President Of India,170962,President Of India,54.03,500048,BEML,3917.0,163200000000.0,41664539.1881542,Sep 2021,01-09-2021,-43.35884264597966,Down
President Of India,170963,President Of India,54.03,500048,BEML,3917.0,163200000000.0,41664539.1881542,Dec 2021,01-12-2021,0.0,EQUAL
President Of India,170965,President Of India,54.03,500048,BEML,3917.0,163200000000.0,41664539.1881542,Jun 2022,01-06-2022,0.0,EQUAL
President Of India,170966,President Of India,54.03,500048,BEML,3917.0,163200000000.0,41664539.1881542,Sep 2022,01-09-2022,0.0,EQUAL
President Of India,170967,President Of India,54.03,500048,BEML,3917.0,163200000000.0,41664539.1881542,Dec 2022,01-12-2022,0.0,EQUAL
President Of India,170968,President Of India,54.03,500048,BEML,3917.0,163200000000.0,41664539.1881542,Mar 2023,01-03-2023,0.0,EQUAL
President Of India,170969,President Of India,54.03,500048,BEML,3917.0,163200000000.0,41664539.1881542,Jun 2023,01-06-2023,0.0,EQUAL
President Of India,170970,President Of India,54.03,500048,BEML,3917.0,163200000000.0,41664539.1881542,Sep 2023,01-09-2023,0.0,EQUAL
President Of India,170971,President Of India,54.03,500048,BEML,3917.0,163200000000.0,41664539.1881542,Dec 2023,01-12-2023,0.0,EQUAL
President Of India,170972,President Of India,54.03,500048,BEML,3917.0,163200000000.0,41664539.1881542,Mar 2024,01-03-2024,0.0,EQUAL
President Of India,170973,President Of India,54.03,500048,BEML,3917.0,163200000000.0,41664539.1881542,Jun 2024,01-06-2024,0.0,EQUAL
President Of India,172885,President Of India,60.79,543768,NSLNISP,54.8,160450000000.0,2927919708.029197,Mar 2023,01-03-2023,12.511567647603172,UP
President Of India,172886,President Of India,60.79,543768,NSLNISP,54.8,160450000000.0,2927919708.029197,Jun 2023,01-06-2023,0.0,EQUAL
President Of India,172887,President Of India,60.79,543768,NSLNISP,54.8,160450000000.0,2927919708.029197,Sep 2023,01-09-2023,0.0,EQUAL
President Of India,172888,President Of India,60.79,543768,NSLNISP,54.8,160450000000.0,2927919708.029197,Dec 2023,01-12-2023,0.0,EQUAL
President Of India,172889,President Of India,60.79,543768,NSLNISP,54.8,160450000000.0,2927919708.029197,Mar 2024,01-03-2024,0.0,EQUAL
President Of India,172890,President Of India,60.79,543768,NSLNISP,54.8,160450000000.0,2927919708.029197,Jun 2024,01-06-2024,0.0,EQUAL
President Of India,180487,President Of India,45.48,500116,IDBI,98.6,1058590000000.0,10736206896.551723,Sep 2021,01-09-2021,-25.185063332785006,Down
President Of India,180489,President Of India,45.48,500116,IDBI,98.6,1058590000000.0,10736206896.551723,Dec 2021,01-12-2021,0.0,EQUAL
President Of India,180491,President Of India,45.48,500116,IDBI,98.6,1058590000000.0,10736206896.551723,Mar 2022,01-03-2022,0.0,EQUAL
President Of India,180493,President Of India,45.48,500116,IDBI,98.6,1058590000000.0,10736206896.551723,Jun 2022,01-06-2022,0.0,EQUAL
President Of India,180495,President Of India,45.48,500116,IDBI,98.6,1058590000000.0,10736206896.551723,Sep 2022,01-09-2022,0.0,EQUAL
President Of India,180497,President Of India,45.48,500116,IDBI,98.6,1058590000000.0,10736206896.551723,Dec 2022,01-12-2022,0.0,EQUAL
President Of India,180499,President Of India,45.48,500116,IDBI,98.6,1058590000000.0,10736206896.551723,Mar 2023,01-03-2023,0.0,EQUAL
President Of India,180501,President Of India,45.48,500116,IDBI,98.6,1058590000000.0,10736206896.551723,Jun 2023,01-06-2023,0.0,EQUAL
President Of India,180503,President Of India,45.48,500116,IDBI,98.6,1058590000000.0,10736206896.551723,Sep 2023,01-09-2023,0.0,EQUAL
President Of India,180505,President Of India,45.48,500116,IDBI,98.6,1058590000000.0,10736206896.551723,Dec 2023,01-12-2023,0.0,EQUAL
President Of India,180507,President Of India,45.48,500116,IDBI,98.6,1058590000000.0,10736206896.551723,Mar 2024,01-03-2024,0.0,EQUAL
President Of India,180509,President Of India,45.48,500116,IDBI,98.6,1058590000000.0,10736206896.551723,Jun 2024,01-06-2024,0.0,EQUAL
President Of India,182065,President Of India,63.75,544142,SCILAL,88.3,41130000000.0,465798414.4960362,Mar 2024,01-03-2024,40.17150395778366,UP
President Of India,182066,President Of India,63.75,544142,SCILAL,88.3,41130000000.0,465798414.4960362,Jun 2024,01-06-2024,0.0,EQUAL
President Of India,199014,President Of India,0.0,500104,HINDPETRO,406.0,863360000000.0,2126502463.0541875,Sep 2021,01-09-2021,-100.0,Down
President Of India,199016,President Of India,0.0,500104,HINDPETRO,406.0,863360000000.0,2126502463.0541875,Dec 2021,01-12-2021,,EQUAL
President Of India,199018,President Of India,0.0,500104,HINDPETRO,406.0,863360000000.0,2126502463.0541875,Mar 2022,01-03-2022,,EQUAL
President Of India,199020,President Of India,0.0,500104,HINDPETRO,406.0,863360000000.0,2126502463.0541875,Jun 2022,01-06-2022,,EQUAL
President Of India,199022,President Of India,0.0,500104,HINDPETRO,406.0,863360000000.0,2126502463.0541875,Sep 2022,01-09-2022,,EQUAL
President Of India,199024,President Of India,0.0,500104,HINDPETRO,406.0,863360000000.0,2126502463.0541875,Dec 2022,01-12-2022,,EQUAL
President Of India,199026,President Of India,0.0,500104,HINDPETRO,406.0,863360000000.0,2126502463.0541875,Mar 2023,01-03-2023,,EQUAL
President Of India,199028,President Of India,0.0,500104,HINDPETRO,406.0,863360000000.0,2126502463.0541875,Jun 2023,01-06-2023,,EQUAL
President Of India,199030,President Of India,0.0,500104,HINDPETRO,406.0,863360000000.0,2126502463.0541875,Sep 2023,01-09-2023,,EQUAL
President Of India,199032,President Of India,0.0,500104,HINDPETRO,406.0,863360000000.0,2126502463.0541875,Dec 2023,01-12-2023,,EQUAL
President Of India,199034,President Of India,0.0,500104,HINDPETRO,406.0,863360000000.0,2126502463.0541875,Mar 2024,01-03-2024,,EQUAL
President Of India,199036,President Of India,0.0,500104,HINDPETRO,406.0,863360000000.0,2126502463.0541875,Jun 2024,01-06-2024,,EQUAL
President Of India,199157,President Of India,59.92,533206,SJVN,134.0,525450000000.0,3921268656.716418,Sep 2021,01-09-2021,inf,UP
President Of India,199159,President Of India,59.92,533206,SJVN,134.0,525450000000.0,3921268656.716418,Dec 2021,01-12-2021,0.0,EQUAL
President Of India,199161,President Of India,59.92,533206,SJVN,134.0,525450000000.0,3921268656.716418,Mar 2022,01-03-2022,0.0,EQUAL
President Of India,199163,President Of India,59.92,533206,SJVN,134.0,525450000000.0,3921268656.716418,Jun 2022,01-06-2022,0.0,EQUAL
President Of India,199165,President Of India,59.92,533206,SJVN,134.0,525450000000.0,3921268656.716418,Sep 2022,01-09-2022,0.0,EQUAL
President Of India,199167,President Of India,59.92,533206,SJVN,134.0,525450000000.0,3921268656.716418,Dec 2022,01-12-2022,0.0,EQUAL
President Of India,199169,President Of India,59.92,533206,SJVN,134.0,525450000000.0,3921268656.716418,Mar 2023,01-03-2023,0.0,EQUAL
President Of India,199171,President Of India,59.92,533206,SJVN,134.0,525450000000.0,3921268656.716418,Jun 2023,01-06-2023,0.0,EQUAL
President Of India,199173,President Of India,55.0,533206,SJVN,134.0,525450000000.0,3921268656.716418,Sep 2023,01-09-2023,-8.210947930574097,Down
President Of India,199175,President Of India,55.0,533206,SJVN,134.0,525450000000.0,3921268656.716418,Dec 2023,01-12-2023,0.0,EQUAL
President Of India,199177,President Of India,55.0,533206,SJVN,134.0,525450000000.0,3921268656.716418,Mar 2024,01-03-2024,0.0,EQUAL
President Of India,199179,President Of India,55.0,533206,SJVN,134.0,525450000000.0,3921268656.716418,Jun 2024,01-06-2024,0.0,EQUAL
President Of India,222137,President Of India,85.78,540755,GICRE,408.0,716500000000.0,1756127450.9803922,Sep 2021,01-09-2021,55.96363636363637,UP
President Of India,222138,President Of India,85.78,540755,GICRE,408.0,716500000000.0,1756127450.9803922,Dec 2021,01-12-2021,0.0,EQUAL
President Of India,222139,President Of India,85.78,540755,GICRE,408.0,716500000000.0,1756127450.9803922,Mar 2022,01-03-2022,0.0,EQUAL
President Of India,222140,President Of India,85.78,540755,GICRE,408.0,716500000000.0,1756127450.9803922,Jun 2022,01-06-2022,0.0,EQUAL
President Of India,222141,President Of India,85.78,540755,GICRE,408.0,716500000000.0,1756127450.9803922,Sep 2022,01-09-2022,0.0,EQUAL
President Of India,222142,President Of India,85.78,540755,GICRE,408.0,716500000000.0,1756127450.9803922,Dec 2022,01-12-2022,0.0,EQUAL
President Of India,222143,President Of India,85.78,540755,GICRE,408.0,716500000000.0,1756127450.9803922,Mar 2023,01-03-2023,0.0,EQUAL
President Of India,222144,President Of India,85.78,540755,GICRE,408.0,716500000000.0,1756127450.9803922,Jun 2023,01-06-2023,0.0,EQUAL
President Of India,222145,President Of India,85.78,540755,GICRE,408.0,716500000000.0,1756127450.9803922,Sep 2023,01-09-2023,0.0,EQUAL
President Of India,222146,President Of India,85.78,540755,GICRE,408.0,716500000000.0,1756127450.9803922,Dec 2023,01-12-2023,0.0,EQUAL
President Of India,222147,President Of India,85.78,540755,GICRE,408.0,716500000000.0,1756127450.9803922,Mar 2024,01-03-2024,0.0,EQUAL
President Of India,222148,President Of India,85.78,540755,GICRE,408.0,716500000000.0,1756127450.9803922,Jun 2024,01-06-2024,0.0,EQUAL
President Of India,262704,President Of India,53.84,533286,MOIL,412.0,83870000000.0,203567961.1650485,Sep 2021,01-09-2021,-37.23478666355794,Down
President Of India,262707,President Of India,53.84,533286,MOIL,412.0,83870000000.0,203567961.1650485,Dec 2021,01-12-2021,0.0,EQUAL
President Of India,262710,President Of India,53.35,533286,MOIL,412.0,83870000000.0,203567961.1650485,Mar 2022,01-03-2022,-0.9101040118870807,Down
President Of India,262713,President Of India,53.35,533286,MOIL,412.0,83870000000.0,203567961.1650485,Jun 2022,01-06-2022,0.0,EQUAL
President Of India,262716,President Of India,53.35,533286,MOIL,412.0,83870000000.0,203567961.1650485,Sep 2022,01-09-2022,0.0,EQUAL
President Of India,262719,President Of India,53.35,533286,MOIL,412.0,83870000000.0,203567961.1650485,Dec 2022,01-12-2022,0.0,EQUAL
President Of India,262722,President Of India,53.35,533286,MOIL,412.0,83870000000.0,203567961.1650485,Mar 2023,01-03-2023,0.0,EQUAL
President Of India,262725,President Of India,53.35,533286,MOIL,412.0,83870000000.0,203567961.1650485,Jun 2023,01-06-2023,0.0,EQUAL
President Of India,262728,President Of India,53.35,533286,MOIL,412.0,83870000000.0,203567961.1650485,Sep 2023,01-09-2023,0.0,EQUAL
President Of India,262731,President Of India,53.35,533286,MOIL,412.0,83870000000.0,203567961.1650485,Dec 2023,01-12-2023,0.0,EQUAL
President Of India,262734,President Of India,53.35,533286,MOIL,412.0,83870000000.0,203567961.1650485,Mar 2024,01-03-2024,0.0,EQUAL
President Of India,262737,President Of India,53.35,533286,MOIL,412.0,83870000000.0,203567961.1650485,Jun 2024,01-06-2024,0.0,EQUAL
President Of India,273253,President Of India,62.93,532483,CANBK,112.0,1016820000000.0,9078750000.0,Sep 2021,01-09-2021,17.956888472352396,UP
President Of India,273254,President Of India,62.93,532483,CANBK,112.0,1016820000000.0,9078750000.0,Dec 2021,01-12-2021,0.0,EQUAL
President Of India,273255,President Of India,62.93,532483,CANBK,112.0,1016820000000.0,9078750000.0,Mar 2022,01-03-2022,0.0,EQUAL
President Of India,273256,President Of India,62.93,532483,CANBK,112.0,1016820000000.0,9078750000.0,Jun 2022,01-06-2022,0.0,EQUAL
President Of India,273257,President Of India,62.93,532483,CANBK,112.0,1016820000000.0,9078750000.0,Sep 2022,01-09-2022,0.0,EQUAL
President Of India,273258,President Of India,62.93,532483,CANBK,112.0,1016820000000.0,9078750000.0,Dec 2022,01-12-2022,0.0,EQUAL
President Of India,273259,President Of India,62.93,532483,CANBK,112.0,1016820000000.0,9078750000.0,Mar 2023,01-03-2023,0.0,EQUAL
President Of India,273260,President Of India,62.93,532483,CANBK,112.0,1016820000000.0,9078750000.0,Jun 2023,01-06-2023,0.0,EQUAL
President Of India,273261,President Of India,62.93,532483,CANBK,112.0,1016820000000.0,9078750000.0,Sep 2023,01-09-2023,0.0,EQUAL
President Of India,273262,President Of India,62.93,532483,CANBK,112.0,1016820000000.0,9078750000.0,Dec 2023,01-12-2023,0.0,EQUAL
President Of India,273263,President Of India,62.93,532483,CANBK,112.0,1016820000000.0,9078750000.0,Mar 2024,01-03-2024,0.0,EQUAL
President Of India,273264,President Of India,62.93,532483,CANBK,112.0,1016820000000.0,9078750000.0,Jun 2024,01-06-2024,0.0,EQUAL
President Of India,277487,President Of India,57.6,500112,SBIN,815.0,7277120000000.0,8928981595.092024,Dec 2021,01-12-2021,-8.469728269505794,Down
President Of India,277488,President Of India,57.59,500112,SBIN,815.0,7277120000000.0,8928981595.092024,Mar 2022,01-03-2022,-0.017361111111102723,Down
President Of India,277489,President Of India,57.57,500112,SBIN,815.0,7277120000000.0,8928981595.092024,Jun 2022,01-06-2022,-0.03472825143254754,Down
President Of India,277490,President Of India,57.52,500112,SBIN,815.0,7277120000000.0,8928981595.092024,Sep 2022,01-09-2022,-0.08685079034218557,Down
President Of India,277491,President Of India,57.5,500112,SBIN,815.0,7277120000000.0,8928981595.092024,Dec 2022,01-12-2022,-0.03477051460362146,Down
President Of India,277492,President Of India,57.49,500112,SBIN,815.0,7277120000000.0,8928981595.092024,Mar 2023,01-03-2023,-0.017391304347824654,Down
President Of India,277493,President Of India,57.47,500112,SBIN,815.0,7277120000000.0,8928981595.092024,Jun 2023,01-06-2023,-0.034788658897200175,Down
President Of India,277494,President Of India,57.49,500112,SBIN,815.0,7277120000000.0,8928981595.092024,Sep 2023,01-09-2023,0.03480076561683809,UP
President Of India,277495,President Of India,57.49,500112,SBIN,815.0,7277120000000.0,8928981595.092024,Dec 2023,01-12-2023,0.0,EQUAL
President Of India,277496,President Of India,57.54,500112,SBIN,815.0,7277120000000.0,8928981595.092024,Mar 2024,01-03-2024,0.08697164724298379,UP
President Of India,277497,President Of India,57.54,500112,SBIN,815.0,7277120000000.0,8928981595.092024,Jun 2024,01-06-2024,0.0,EQUAL
President Of India,291943,President Of India,97.07,533295,PSB,60.4,409450000000.0,6778973509.933775,Sep 2021,01-09-2021,68.70003475842891,UP
President Of India,291944,President Of India,97.07,533295,PSB,60.4,409450000000.0,6778973509.933775,Dec 2021,01-12-2021,0.0,EQUAL
President Of India,291945,President Of India,98.25,533295,PSB,60.4,409450000000.0,6778973509.933775,Mar 2022,01-03-2022,1.2156175955496007,UP
President Of India,291946,President Of India,98.25,533295,PSB,60.4,409450000000.0,6778973509.933775,Jun 2022,01-06-2022,0.0,EQUAL
President Of India,291947,President Of India,98.25,533295,PSB,60.4,409450000000.0,6778973509.933775,Sep 2022,01-09-2022,0.0,EQUAL
President Of India,291948,President Of India,98.25,533295,PSB,60.4,409450000000.0,6778973509.933775,Dec 2022,01-12-2022,0.0,EQUAL
President Of India,291949,President Of India,98.25,533295,PSB,60.4,409450000000.0,6778973509.933775,Mar 2023,01-03-2023,0.0,EQUAL
President Of India,291950,President Of India,98.25,533295,PSB,60.4,409450000000.0,6778973509.933775,Jun 2023,01-06-2023,0.0,EQUAL
President Of India,291951,President Of India,98.25,533295,PSB,60.4,409450000000.0,6778973509.933775,Sep 2023,01-09-2023,0.0,EQUAL
President Of India,291952,President Of India,98.25,533295,PSB,60.4,409450000000.0,6778973509.933775,Dec 2023,01-12-2023,0.0,EQUAL
President Of India,291953,President Of India,98.25,533295,PSB,60.4,409450000000.0,6778973509.933775,Mar 2024,01-03-2024,0.0,EQUAL
President Of India,291954,President Of India,98.25,533295,PSB,60.4,409450000000.0,6778973509.933775,Jun 2024,01-06-2024,0.0,EQUAL
President Of India,301233,President Of India,65.0,500113,SAIL,132.0,544730000000.0,4126742424.242424,Sep 2021,01-09-2021,-33.842239185750635,Down
President Of India,301234,President Of India,65.0,500113,SAIL,132.0,544730000000.0,4126742424.242424,Dec 2021,01-12-2021,0.0,EQUAL
President Of India,301235,President Of India,65.0,500113,SAIL,132.0,544730000000.0,4126742424.242424,Mar 2022,01-03-2022,0.0,EQUAL
President Of India,301236,President Of India,65.0,500113,SAIL,132.0,544730000000.0,4126742424.242424,Jun 2022,01-06-2022,0.0,EQUAL
President Of India,301237,President Of India,65.0,500113,SAIL,132.0,544730000000.0,4126742424.242424,Sep 2022,01-09-2022,0.0,EQUAL
President Of India,301238,President Of India,65.0,500113,SAIL,132.0,544730000000.0,4126742424.242424,Dec 2022,01-12-2022,0.0,EQUAL
President Of India,301239,President Of India,65.0,500113,SAIL,132.0,544730000000.0,4126742424.242424,Mar 2023,01-03-2023,0.0,EQUAL
President Of India,301240,President Of India,65.0,500113,SAIL,132.0,544730000000.0,4126742424.242424,Jun 2023,01-06-2023,0.0,EQUAL
President Of India,301241,President Of India,65.0,500113,SAIL,132.0,544730000000.0,4126742424.242424,Sep 2023,01-09-2023,0.0,EQUAL
President Of India,301242,President Of India,65.0,500113,SAIL,132.0,544730000000.0,4126742424.242424,Dec 2023,01-12-2023,0.0,EQUAL
President Of India,301243,President Of India,65.0,500113,SAIL,132.0,544730000000.0,4126742424.242424,Mar 2024,01-03-2024,0.0,EQUAL
President Of India,301244,President Of India,65.0,500113,SAIL,132.0,544730000000.0,4126742424.242424,Jun 2024,01-06-2024,0.0,EQUAL
President Of India,301849,President Of India,99.03,540680,KIOCL,418.0,253950000000.0,607535885.1674641,Sep 2021,01-09-2021,52.35384615384615,UP
President Of India,301850,President Of India,99.03,540680,KIOCL,418.0,253950000000.0,607535885.1674641,Dec 2021,01-12-2021,0.0,EQUAL
President Of India,301851,President Of India,99.03,540680,KIOCL,418.0,253950000000.0,607535885.1674641,Mar 2022,01-03-2022,0.0,EQUAL
President Of India,301852,President Of India,99.03,540680,KIOCL,418.0,253950000000.0,607535885.1674641,Jun 2022,01-06-2022,0.0,EQUAL
President Of India,301853,President Of India,99.03,540680,KIOCL,418.0,253950000000.0,607535885.1674641,Sep 2022,01-09-2022,0.0,EQUAL
President Of India,301854,President Of India,99.03,540680,KIOCL,418.0,253950000000.0,607535885.1674641,Dec 2022,01-12-2022,0.0,EQUAL
President Of India,301855,President Of India,99.03,540680,KIOCL,418.0,253950000000.0,607535885.1674641,Mar 2023,01-03-2023,0.0,EQUAL
President Of India,301856,President Of India,99.03,540680,KIOCL,418.0,253950000000.0,607535885.1674641,Jun 2023,01-06-2023,0.0,EQUAL
President Of India,301857,President Of India,99.03,540680,KIOCL,418.0,253950000000.0,607535885.1674641,Sep 2023,01-09-2023,0.0,EQUAL
President Of India,301858,President Of India,99.03,540680,KIOCL,418.0,253950000000.0,607535885.1674641,Dec 2023,01-12-2023,0.0,EQUAL
President Of India,301859,President Of India,99.03,540680,KIOCL,418.0,253950000000.0,607535885.1674641,Mar 2024,01-03-2024,0.0,EQUAL
President Of India,301860,President Of India,99.03,540680,KIOCL,418.0,253950000000.0,607535885.1674641,Jun 2024,01-06-2024,0.0,EQUAL
President Of India,319314,President Of India,60.79,526371,NMDC,227.0,665980000000.0,2933832599.1189427,Sep 2021,01-09-2021,-38.61456124406746,Down
President Of India,319315,President Of India,60.79,526371,NMDC,227.0,665980000000.0,2933832599.1189427,Dec 2021,01-12-2021,0.0,EQUAL
President Of India,319316,President Of India,60.79,526371,NMDC,227.0,665980000000.0,2933832599.1189427,Mar 2022,01-03-2022,0.0,EQUAL
President Of India,319317,President Of India,60.79,526371,NMDC,227.0,665980000000.0,2933832599.1189427,Jun 2022,01-06-2022,0.0,EQUAL
President Of India,319318,President Of India,60.79,526371,NMDC,227.0,665980000000.0,2933832599.1189427,Sep 2022,01-09-2022,0.0,EQUAL
President Of India,319319,President Of India,60.79,526371,NMDC,227.0,665980000000.0,2933832599.1189427,Dec 2022,01-12-2022,0.0,EQUAL
President Of India,319320,President Of India,60.79,526371,NMDC,227.0,665980000000.0,2933832599.1189427,Mar 2023,01-03-2023,0.0,EQUAL
President Of India,319321,President Of India,60.79,526371,NMDC,227.0,665980000000.0,2933832599.1189427,Jun 2023,01-06-2023,0.0,EQUAL
President Of India,319322,President Of India,60.79,526371,NMDC,227.0,665980000000.0,2933832599.1189427,Sep 2023,01-09-2023,0.0,EQUAL
President Of India,319323,President Of India,60.79,526371,NMDC,227.0,665980000000.0,2933832599.1189427,Dec 2023,01-12-2023,0.0,EQUAL
President Of India,319324,President Of India,60.79,526371,NMDC,227.0,665980000000.0,2933832599.1189427,Mar 2024,01-03-2024,0.0,EQUAL
President Of India,319325,President Of India,60.79,526371,NMDC,227.0,665980000000.0,2933832599.1189427,Jun 2024,01-06-2024,0.0,EQUAL
President Of India,340677,President Of India,60.41,500312,ONGC,327.0,4118150000000.0,12593730886.850151,Sep 2021,01-09-2021,-0.6251028129626635,Down
President Of India,340678,President Of India,60.41,500312,ONGC,327.0,4118150000000.0,12593730886.850151,Dec 2021,01-12-2021,0.0,EQUAL
President Of India,340679,President Of India,58.91,500312,ONGC,327.0,4118150000000.0,12593730886.850151,Mar 2022,01-03-2022,-2.4830326104949507,Down
President Of India,340680,President Of India,58.89,500312,ONGC,327.0,4118150000000.0,12593730886.850151,Jun 2022,01-06-2022,-0.03395009336274457,Down
President Of India,340681,President Of India,58.89,500312,ONGC,327.0,4118150000000.0,12593730886.850151,Sep 2022,01-09-2022,0.0,EQUAL
President Of India,340682,President Of India,58.89,500312,ONGC,327.0,4118150000000.0,12593730886.850151,Dec 2022,01-12-2022,0.0,EQUAL
President Of India,340683,President Of India,58.89,500312,ONGC,327.0,4118150000000.0,12593730886.850151,Mar 2023,01-03-2023,0.0,EQUAL
President Of India,340684,President Of India,58.89,500312,ONGC,327.0,4118150000000.0,12593730886.850151,Jun 2023,01-06-2023,0.0,EQUAL
President Of India,340685,President Of India,58.89,500312,ONGC,327.0,4118150000000.0,12593730886.850151,Sep 2023,01-09-2023,0.0,EQUAL
President Of India,340686,President Of India,58.89,500312,ONGC,327.0,4118150000000.0,12593730886.850151,Dec 2023,01-12-2023,0.0,EQUAL
President Of India,340687,President Of India,58.89,500312,ONGC,327.0,4118150000000.0,12593730886.850151,Mar 2024,01-03-2024,0.0,EQUAL
President Of India,340688,President Of India,58.89,500312,ONGC,327.0,4118150000000.0,12593730886.850151,Jun 2024,01-06-2024,0.0,EQUAL
President Of India,342672,President Of India,56.83,500191,HMT,90.4,32140000000.0,355530973.4513274,Sep 2021,01-09-2021,-3.498047206656485,Down
President Of India,342673,President Of India,36.85,500191,HMT,90.4,32140000000.0,355530973.4513274,Sep 2021,01-09-2021,-35.15748724265353,Down
President Of India,342674,President Of India,56.83,500191,HMT,90.4,32140000000.0,355530973.4513274,Dec 2021,01-12-2021,54.21981004070555,UP
President Of India,342675,President Of India,36.85,500191,HMT,90.4,32140000000.0,355530973.4513274,Dec 2021,01-12-2021,-35.15748724265353,Down
President Of India,342676,President Of India,56.83,500191,HMT,90.4,32140000000.0,355530973.4513274,Mar 2022,01-03-2022,54.21981004070555,UP
President Of India,342677,President Of India,36.85,500191,HMT,90.4,32140000000.0,355530973.4513274,Mar 2022,01-03-2022,-35.15748724265353,Down
President Of India,342678,President Of India,56.83,500191,HMT,90.4,32140000000.0,355530973.4513274,Jun 2022,01-06-2022,54.21981004070555,UP
President Of India,342679,President Of India,36.85,500191,HMT,90.4,32140000000.0,355530973.4513274,Jun 2022,01-06-2022,-35.15748724265353,Down
President Of India,342680,President Of India,56.83,500191,HMT,90.4,32140000000.0,355530973.4513274,Sep 2022,01-09-2022,54.21981004070555,UP
President Of India,342681,President Of India,36.85,500191,HMT,90.4,32140000000.0,355530973.4513274,Sep 2022,01-09-2022,-35.15748724265353,Down
President Of India,342682,President Of India,56.83,500191,HMT,90.4,32140000000.0,355530973.4513274,Dec 2022,01-12-2022,54.21981004070555,UP
President Of India,342683,President Of India,36.85,500191,HMT,90.4,32140000000.0,355530973.4513274,Dec 2022,01-12-2022,-35.15748724265353,Down
President Of India,342684,President Of India,56.83,500191,HMT,90.4,32140000000.0,355530973.4513274,Mar 2023,01-03-2023,54.21981004070555,UP
President Of India,342685,President Of India,36.85,500191,HMT,90.4,32140000000.0,355530973.4513274,Mar 2023,01-03-2023,-35.15748724265353,Down
President Of India,342686,President Of India,56.83,500191,HMT,90.4,32140000000.0,355530973.4513274,Jun 2023,01-06-2023,54.21981004070555,UP
President Of India,342687,President Of India,36.85,500191,HMT,90.4,32140000000.0,355530973.4513274,Jun 2023,01-06-2023,-35.15748724265353,Down
President Of India,342688,President Of India,56.83,500191,HMT,90.4,32140000000.0,355530973.4513274,Sep 2023,01-09-2023,54.21981004070555,UP
President Of India,342689,President Of India,36.85,500191,HMT,90.4,32140000000.0,355530973.4513274,Sep 2023,01-09-2023,-35.15748724265353,Down
President Of India,342690,President Of India,56.83,500191,HMT,90.4,32140000000.0,355530973.4513274,Dec 2023,01-12-2023,54.21981004070555,UP
President Of India,342691,President Of India,36.85,500191,HMT,90.4,32140000000.0,355530973.4513274,Dec 2023,01-12-2023,-35.15748724265353,Down
President Of India,342692,President Of India,56.83,500191,HMT,90.4,32140000000.0,355530973.4513274,Mar 2024,01-03-2024,54.21981004070555,UP
President Of India,342693,President Of India,36.85,500191,HMT,90.4,32140000000.0,355530973.4513274,Mar 2024,01-03-2024,-35.15748724265353,Down
President Of India,342694,President Of India,56.83,500191,HMT,90.4,32140000000.0,355530973.4513274,Jun 2024,01-06-2024,54.21981004070555,UP
President Of India,342695,President Of India,36.85,500191,HMT,90.4,32140000000.0,355530973.4513274,Jun 2024,01-06-2024,-35.15748724265353,Down
President Of India,350461,President Of India,75.0,524230,RCF,199.0,109620000000.0,550854271.3567839,Sep 2021,01-09-2021,103.52781546811399,UP
President Of India,350462,President Of India,75.0,524230,RCF,199.0,109620000000.0,550854271.3567839,Dec 2021,01-12-2021,0.0,EQUAL
President Of India,350463,President Of India,75.0,524230,RCF,199.0,109620000000.0,550854271.3567839,Mar 2022,01-03-2022,0.0,EQUAL
President Of India,350464,President Of India,75.0,524230,RCF,199.0,109620000000.0,550854271.3567839,Jun 2022,01-06-2022,0.0,EQUAL
President Of India,350465,President Of India,75.0,524230,RCF,199.0,109620000000.0,550854271.3567839,Sep 2022,01-09-2022,0.0,EQUAL
President Of India,350466,President Of India,75.0,524230,RCF,199.0,109620000000.0,550854271.3567839,Dec 2022,01-12-2022,0.0,EQUAL
President Of India,350467,President Of India,75.0,524230,RCF,199.0,109620000000.0,550854271.3567839,Mar 2023,01-03-2023,0.0,EQUAL
President Of India,350468,President Of India,75.0,524230,RCF,199.0,109620000000.0,550854271.3567839,Jun 2023,01-06-2023,0.0,EQUAL
President Of India,350469,President Of India,75.0,524230,RCF,199.0,109620000000.0,550854271.3567839,Sep 2023,01-09-2023,0.0,EQUAL
President Of India,350470,President Of India,75.0,524230,RCF,199.0,109620000000.0,550854271.3567839,Dec 2023,01-12-2023,0.0,EQUAL
President Of India,350471,President Of India,75.0,524230,RCF,199.0,109620000000.0,550854271.3567839,Mar 2024,01-03-2024,0.0,EQUAL
President Of India,350472,President Of India,75.0,524230,RCF,199.0,109620000000.0,550854271.3567839,Jun 2024,01-06-2024,0.0,EQUAL
President Of India,358653,President Of India,49.4,532898,POWERGRID,336.0,3127330000000.0,9307529761.904762,Sep 2021,01-09-2021,-34.13333333333334,Down
President Of India,358654,President Of India,1.94,532898,POWERGRID,336.0,3127330000000.0,9307529761.904762,Sep 2021,01-09-2021,-96.07287449392713,Down
President Of India,358655,President Of India,49.4,532898,POWERGRID,336.0,3127330000000.0,9307529761.904762,Dec 2021,01-12-2021,2446.3917525773195,UP
President Of India,358656,President Of India,1.94,532898,POWERGRID,336.0,3127330000000.0,9307529761.904762,Dec 2021,01-12-2021,-96.07287449392713,Down
President Of India,358657,President Of India,49.4,532898,POWERGRID,336.0,3127330000000.0,9307529761.904762,Mar 2022,01-03-2022,2446.3917525773195,UP
President Of India,358658,President Of India,1.94,532898,POWERGRID,336.0,3127330000000.0,9307529761.904762,Mar 2022,01-03-2022,-96.07287449392713,Down
President Of India,358659,President Of India,49.4,532898,POWERGRID,336.0,3127330000000.0,9307529761.904762,Jun 2022,01-06-2022,2446.3917525773195,UP
President Of India,358660,President Of India,1.94,532898,POWERGRID,336.0,3127330000000.0,9307529761.904762,Jun 2022,01-06-2022,-96.07287449392713,Down
President Of India,358661,President Of India,49.4,532898,POWERGRID,336.0,3127330000000.0,9307529761.904762,Sep 2022,01-09-2022,2446.3917525773195,UP
President Of India,358662,President Of India,1.94,532898,POWERGRID,336.0,3127330000000.0,9307529761.904762,Sep 2022,01-09-2022,-96.07287449392713,Down
President Of India,358663,President Of India,49.4,532898,POWERGRID,336.0,3127330000000.0,9307529761.904762,Dec 2022,01-12-2022,2446.3917525773195,UP
President Of India,358664,President Of India,1.94,532898,POWERGRID,336.0,3127330000000.0,9307529761.904762,Dec 2022,01-12-2022,-96.07287449392713,Down
President Of India,358665,President Of India,49.4,532898,POWERGRID,336.0,3127330000000.0,9307529761.904762,Mar 2023,01-03-2023,2446.3917525773195,UP
President Of India,358666,President Of India,1.94,532898,POWERGRID,336.0,3127330000000.0,9307529761.904762,Mar 2023,01-03-2023,-96.07287449392713,Down
President Of India,358667,President Of India,49.4,532898,POWERGRID,336.0,3127330000000.0,9307529761.904762,Jun 2023,01-06-2023,2446.3917525773195,UP
President Of India,358668,President Of India,1.94,532898,POWERGRID,336.0,3127330000000.0,9307529761.904762,Jun 2023,01-06-2023,-96.07287449392713,Down
President Of India,358669,President Of India,49.4,532898,POWERGRID,336.0,3127330000000.0,9307529761.904762,Sep 2023,01-09-2023,2446.3917525773195,UP
President Of India,358670,President Of India,1.94,532898,POWERGRID,336.0,3127330000000.0,9307529761.904762,Sep 2023,01-09-2023,-96.07287449392713,Down
President Of India,358671,President Of India,49.4,532898,POWERGRID,336.0,3127330000000.0,9307529761.904762,Dec 2023,01-12-2023,2446.3917525773195,UP
President Of India,358672,President Of India,1.94,532898,POWERGRID,336.0,3127330000000.0,9307529761.904762,Dec 2023,01-12-2023,-96.07287449392713,Down
President Of India,358673,President Of India,49.4,532898,POWERGRID,336.0,3127330000000.0,9307529761.904762,Mar 2024,01-03-2024,2446.3917525773195,UP
President Of India,358674,President Of India,1.94,532898,POWERGRID,336.0,3127330000000.0,9307529761.904762,Mar 2024,01-03-2024,-96.07287449392713,Down
President Of India,358675,President Of India,49.4,532898,POWERGRID,336.0,3127330000000.0,9307529761.904762,Jun 2024,01-06-2024,2446.3917525773195,UP
President Of India,358676,President Of India,1.94,532898,POWERGRID,336.0,3127330000000.0,9307529761.904762,Jun 2024,01-06-2024,-96.07287449392713,Down
President Of India,387366,President Of India,70.95,533098,NHPC,97.1,975270000000.0,10043975283.213182,Sep 2021,01-09-2021,3557.216494845361,UP
President Of India,387367,President Of India,70.95,533098,NHPC,97.1,975270000000.0,10043975283.213182,Dec 2021,01-12-2021,0.0,EQUAL
President Of India,387368,President Of India,70.95,533098,NHPC,97.1,975270000000.0,10043975283.213182,Mar 2022,01-03-2022,0.0,EQUAL
President Of India,387369,President Of India,70.95,533098,NHPC,97.1,975270000000.0,10043975283.213182,Jun 2022,01-06-2022,0.0,EQUAL
President Of India,387370,President Of India,70.95,533098,NHPC,97.1,975270000000.0,10043975283.213182,Sep 2022,01-09-2022,0.0,EQUAL
President Of India,387371,President Of India,70.95,533098,NHPC,97.1,975270000000.0,10043975283.213182,Dec 2022,01-12-2022,0.0,EQUAL
President Of India,387372,President Of India,70.95,533098,NHPC,97.1,975270000000.0,10043975283.213182,Mar 2023,01-03-2023,0.0,EQUAL
President Of India,387373,President Of India,70.95,533098,NHPC,97.1,975270000000.0,10043975283.213182,Jun 2023,01-06-2023,0.0,EQUAL
President Of India,387374,President Of India,70.95,533098,NHPC,97.1,975270000000.0,10043975283.213182,Sep 2023,01-09-2023,0.0,EQUAL
President Of India,387375,President Of India,70.95,533098,NHPC,97.1,975270000000.0,10043975283.213182,Dec 2023,01-12-2023,0.0,EQUAL
President Of India,387376,President Of India,67.4,533098,NHPC,97.1,975270000000.0,10043975283.213182,Mar 2024,01-03-2024,-5.003523608174765,Down
President Of India,387377,President Of India,67.4,533098,NHPC,97.1,975270000000.0,10043975283.213182,Jun 2024,01-06-2024,0.0,EQUAL
President Of India,389606,President Of India,59.67,532485,,93.8,20830000000.0,222068230.2771855,Dec 2021,01-12-2021,-11.46884272997033,Down
President Of India,389607,President Of India,59.67,532485,,93.8,20830000000.0,222068230.2771855,Mar 2022,01-03-2022,0.0,EQUAL
President Of India,389608,President Of India,59.67,532485,,93.8,20830000000.0,222068230.2771855,Jun 2022,01-06-2022,0.0,EQUAL
President Of India,389609,President Of India,59.67,532485,,93.8,20830000000.0,222068230.2771855,Sep 2022,01-09-2022,0.0,EQUAL
President Of India,389610,President Of India,59.67,532485,,93.8,20830000000.0,222068230.2771855,Dec 2022,01-12-2022,0.0,EQUAL
President Of India,389611,President Of India,59.67,532485,,93.8,20830000000.0,222068230.2771855,Mar 2023,01-03-2023,0.0,EQUAL
President Of India,389612,President Of India,59.67,532485,,93.8,20830000000.0,222068230.2771855,Jun 2023,01-06-2023,0.0,EQUAL
President Of India,389613,President Of India,59.67,532485,,93.8,20830000000.0,222068230.2771855,Sep 2023,01-09-2023,0.0,EQUAL
President Of India,389614,President Of India,59.67,532485,,93.8,20830000000.0,222068230.2771855,Dec 2023,01-12-2023,0.0,EQUAL
President Of India,389615,President Of India,59.67,532485,,93.8,20830000000.0,222068230.2771855,Mar 2024,01-03-2024,0.0,EQUAL
President Of India,389616,President Of India,59.67,532485,,93.8,20830000000.0,222068230.2771855,Jun 2024,01-06-2024,0.0,EQUAL
President Of India,389617,President Of India,59.67,532485,,93.8,20830000000.0,222068230.2771855,Aug 2024,01-08-2024,0.0,EQUAL
President Of India,416284,President Of India,59.25,524663,,30.1,1300000000.0,43189368.77076412,Jun 2021,01-06-2021,-0.7038712921065837,Down
President Of India,416292,President Of India,59.25,524663,,30.1,1300000000.0,43189368.77076412,Sep 2021,01-09-2021,0.0,EQUAL
President Of India,416300,President Of India,59.25,524663,,30.1,1300000000.0,43189368.77076412,Dec 2021,01-12-2021,0.0,EQUAL
President Of India,416308,President Of India,59.25,524663,,30.1,1300000000.0,43189368.77076412,Mar 2022,01-03-2022,0.0,EQUAL
President Of India,416316,President Of India,59.25,524663,,30.1,1300000000.0,43189368.77076412,Jun 2022,01-06-2022,0.0,EQUAL
President Of India,416324,President Of India,59.25,524663,,30.1,1300000000.0,43189368.77076412,Sep 2022,01-09-2022,0.0,EQUAL
President Of India,416332,President Of India,59.25,524663,,30.1,1300000000.0,43189368.77076412,Dec 2022,01-12-2022,0.0,EQUAL
President Of India,416340,President Of India,59.25,524663,,30.1,1300000000.0,43189368.77076412,Mar 2023,01-03-2023,0.0,EQUAL
President Of India,416348,President Of India,59.25,524663,,30.1,1300000000.0,43189368.77076412,Jun 2023,01-06-2023,0.0,EQUAL
President Of India,416356,President Of India,59.25,524663,,30.1,1300000000.0,43189368.77076412,Sep 2023,01-09-2023,0.0,EQUAL
President Of India,416364,President Of India,59.25,524663,,30.1,1300000000.0,43189368.77076412,Dec 2023,01-12-2023,0.0,EQUAL
President Of India,416372,President Of India,59.25,524663,,30.1,1300000000.0,43189368.77076412,Mar 2024,01-03-2024,0.0,EQUAL
President Of India,430780,President Of India,79.2,513683,NLCINDIA,275.0,381950000000.0,1388909090.909091,Sep 2021,01-09-2021,33.67088607594937,UP
President Of India,430781,President Of India,79.2,513683,NLCINDIA,275.0,381950000000.0,1388909090.909091,Dec 2021,01-12-2021,0.0,EQUAL
President Of India,430782,President Of India,79.2,513683,NLCINDIA,275.0,381950000000.0,1388909090.909091,Mar 2022,01-03-2022,0.0,EQUAL
President Of India,430783,President Of India,79.2,513683,NLCINDIA,275.0,381950000000.0,1388909090.909091,Jun 2022,01-06-2022,0.0,EQUAL
President Of India,430784,President Of India,79.2,513683,NLCINDIA,275.0,381950000000.0,1388909090.909091,Sep 2022,01-09-2022,0.0,EQUAL
President Of India,430785,President Of India,79.2,513683,NLCINDIA,275.0,381950000000.0,1388909090.909091,Dec 2022,01-12-2022,0.0,EQUAL
President Of India,430786,President Of India,79.2,513683,NLCINDIA,275.0,381950000000.0,1388909090.909091,Mar 2023,01-03-2023,0.0,EQUAL
President Of India,430787,President Of India,79.2,513683,NLCINDIA,275.0,381950000000.0,1388909090.909091,Jun 2023,01-06-2023,0.0,EQUAL
President Of India,430788,President Of India,79.2,513683,NLCINDIA,275.0,381950000000.0,1388909090.909091,Sep 2023,01-09-2023,0.0,EQUAL
President Of India,430789,President Of India,79.2,513683,NLCINDIA,275.0,381950000000.0,1388909090.909091,Dec 2023,01-12-2023,0.0,EQUAL
President Of India,430790,President Of India,72.2,513683,NLCINDIA,275.0,381950000000.0,1388909090.909091,Mar 2024,01-03-2024,-8.838383838383834,Down
President Of India,430791,President Of India,72.2,513683,NLCINDIA,275.0,381950000000.0,1388909090.909091,Jun 2024,01-06-2024,0.0,EQUAL
President Of India,432264,President Of India,51.14,500049,BEL,306.0,2236790000000.0,7309771241.830066,Sep 2021,01-09-2021,-29.168975069252078,Down
President Of India,432265,President Of India,51.14,500049,BEL,306.0,2236790000000.0,7309771241.830066,Dec 2021,01-12-2021,0.0,EQUAL
President Of India,432266,President Of India,51.14,500049,BEL,306.0,2236790000000.0,7309771241.830066,Mar 2022,01-03-2022,0.0,EQUAL
President Of India,432267,President Of India,51.14,500049,BEL,306.0,2236790000000.0,7309771241.830066,Jun 2022,01-06-2022,0.0,EQUAL
President Of India,432268,President Of India,51.14,500049,BEL,306.0,2236790000000.0,7309771241.830066,Sep 2022,01-09-2022,0.0,EQUAL
President Of India,432269,President Of India,51.14,500049,BEL,306.0,2236790000000.0,7309771241.830066,Dec 2022,01-12-2022,0.0,EQUAL
President Of India,432270,President Of India,51.14,500049,BEL,306.0,2236790000000.0,7309771241.830066,Mar 2023,01-03-2023,0.0,EQUAL
President Of India,432271,President Of India,51.14,500049,BEL,306.0,2236790000000.0,7309771241.830066,Jun 2023,01-06-2023,0.0,EQUAL
President Of India,432272,President Of India,51.14,500049,BEL,306.0,2236790000000.0,7309771241.830066,Sep 2023,01-09-2023,0.0,EQUAL
President Of India,432273,President Of India,51.14,500049,BEL,306.0,2236790000000.0,7309771241.830066,Dec 2023,01-12-2023,0.0,EQUAL
President Of India,432274,President Of India,51.14,500049,BEL,306.0,2236790000000.0,7309771241.830066,Mar 2024,01-03-2024,0.0,EQUAL
President Of India,432275,President Of India,51.14,500049,BEL,306.0,2236790000000.0,7309771241.830066,Jun 2024,01-06-2024,0.0,EQUAL
President Of India,432725,President Of India,93.08,532885,CENTRALBK,60.2,522420000000.0,8678073089.700996,Sep 2021,01-09-2021,82.01016816581932,UP
President Of India,432726,President Of India,93.08,532885,CENTRALBK,60.2,522420000000.0,8678073089.700996,Dec 2021,01-12-2021,0.0,EQUAL
President Of India,432727,President Of India,93.08,532885,CENTRALBK,60.2,522420000000.0,8678073089.700996,Mar 2022,01-03-2022,0.0,EQUAL
President Of India,432728,President Of India,93.08,532885,CENTRALBK,60.2,522420000000.0,8678073089.700996,Jun 2022,01-06-2022,0.0,EQUAL
President Of India,432729,President Of India,93.08,532885,CENTRALBK,60.2,522420000000.0,8678073089.700996,Sep 2022,01-09-2022,0.0,EQUAL
President Of India,432730,President Of India,93.08,532885,CENTRALBK,60.2,522420000000.0,8678073089.700996,Dec 2022,01-12-2022,0.0,EQUAL
President Of India,432731,President Of India,93.08,532885,CENTRALBK,60.2,522420000000.0,8678073089.700996,Mar 2023,01-03-2023,0.0,EQUAL
President Of India,432732,President Of India,93.08,532885,CENTRALBK,60.2,522420000000.0,8678073089.700996,Jun 2023,01-06-2023,0.0,EQUAL
President Of India,432733,President Of India,93.08,532885,CENTRALBK,60.2,522420000000.0,8678073089.700996,Sep 2023,01-09-2023,0.0,EQUAL
President Of India,432734,President Of India,93.08,532885,CENTRALBK,60.2,522420000000.0,8678073089.700996,Dec 2023,01-12-2023,0.0,EQUAL
President Of India,432735,President Of India,93.08,532885,CENTRALBK,60.2,522420000000.0,8678073089.700996,Mar 2024,01-03-2024,0.0,EQUAL
President Of India,432736,President Of India,93.08,532885,CENTRALBK,60.2,522420000000.0,8678073089.700996,Jun 2024,01-06-2024,0.0,EQUAL
President Of India,457502,President Of India,51.85,532155,GAIL,229.0,1508790000000.0,6588602620.087337,Sep 2021,01-09-2021,-44.29522990975505,Down
President Of India,457503,President Of India,51.8,532155,GAIL,229.0,1508790000000.0,6588602620.087337,Dec 2021,01-12-2021,-0.0964320154291265,Down
President Of India,457504,President Of India,51.8,532155,GAIL,229.0,1508790000000.0,6588602620.087337,Mar 2022,01-03-2022,0.0,EQUAL
President Of India,457505,President Of India,51.89,532155,GAIL,229.0,1508790000000.0,6588602620.087337,Jun 2022,01-06-2022,0.17374517374517673,UP
President Of India,457506,President Of India,51.9,532155,GAIL,229.0,1508790000000.0,6588602620.087337,Sep 2022,01-09-2022,0.019271535941411955,UP
President Of India,457507,President Of India,51.91,532155,GAIL,229.0,1508790000000.0,6588602620.087337,Dec 2022,01-12-2022,0.019267822736024343,UP
President Of India,457508,President Of India,51.91,532155,GAIL,229.0,1508790000000.0,6588602620.087337,Mar 2023,01-03-2023,0.0,EQUAL
President Of India,457509,President Of India,51.91,532155,GAIL,229.0,1508790000000.0,6588602620.087337,Jun 2023,01-06-2023,0.0,EQUAL
President Of India,457510,President Of India,51.91,532155,GAIL,229.0,1508790000000.0,6588602620.087337,Sep 2023,01-09-2023,0.0,EQUAL
President Of India,457511,President Of India,51.9,532155,GAIL,229.0,1508790000000.0,6588602620.087337,Dec 2023,01-12-2023,-0.01926411096127012,Down
President Of India,457512,President Of India,51.9,532155,GAIL,229.0,1508790000000.0,6588602620.087337,Mar 2024,01-03-2024,0.0,EQUAL
President Of India,457513,President Of India,51.92,532155,GAIL,229.0,1508790000000.0,6588602620.087337,Jun 2024,01-06-2024,0.03853564547207089,UP
President Of India,471396,President Of India,78.2,542649,RVNL,573.0,1194090000000.0,2083926701.5706809,Sep 2021,01-09-2021,50.61633281972264,UP
President Of India,471397,President Of India,78.2,542649,RVNL,573.0,1194090000000.0,2083926701.5706809,Dec 2021,01-12-2021,0.0,EQUAL
President Of India,471398,President Of India,78.2,542649,RVNL,573.0,1194090000000.0,2083926701.5706809,Mar 2022,01-03-2022,0.0,EQUAL
President Of India,471399,President Of India,78.2,542649,RVNL,573.0,1194090000000.0,2083926701.5706809,Jun 2022,01-06-2022,0.0,EQUAL
President Of India,471400,President Of India,78.2,542649,RVNL,573.0,1194090000000.0,2083926701.5706809,Sep 2022,01-09-2022,0.0,EQUAL
President Of India,471401,President Of India,78.2,542649,RVNL,573.0,1194090000000.0,2083926701.5706809,Dec 2022,01-12-2022,0.0,EQUAL
President Of India,471402,President Of India,78.2,542649,RVNL,573.0,1194090000000.0,2083926701.5706809,Mar 2023,01-03-2023,0.0,EQUAL
President Of India,471403,President Of India,78.2,542649,RVNL,573.0,1194090000000.0,2083926701.5706809,Jun 2023,01-06-2023,0.0,EQUAL
President Of India,471404,President Of India,72.84,542649,RVNL,573.0,1194090000000.0,2083926701.5706809,Sep 2023,01-09-2023,-6.854219948849105,Down
President Of India,471405,President Of India,72.84,542649,RVNL,573.0,1194090000000.0,2083926701.5706809,Dec 2023,01-12-2023,0.0,EQUAL
President Of India,471406,President Of India,72.84,542649,RVNL,573.0,1194090000000.0,2083926701.5706809,Mar 2024,01-03-2024,0.0,EQUAL
President Of India,471407,President Of India,72.84,542649,RVNL,573.0,1194090000000.0,2083926701.5706809,Jun 2024,01-06-2024,0.0,EQUAL
President Of India,472291,President Of India,51.12,543242,HEMIPROP,200.0,56970000000.0,284850000.0,Sep 2021,01-09-2021,-29.8187808896211,Down
President Of India,472293,President Of India,51.12,543242,HEMIPROP,200.0,56970000000.0,284850000.0,Mar 2022,01-03-2022,0.0,EQUAL
President Of India,472294,President Of India,51.12,543242,HEMIPROP,200.0,56970000000.0,284850000.0,Jun 2022,01-06-2022,0.0,EQUAL
President Of India,472295,President Of India,51.12,543242,HEMIPROP,200.0,56970000000.0,284850000.0,Sep 2022,01-09-2022,0.0,EQUAL
President Of India,472296,President Of India,51.12,543242,HEMIPROP,200.0,56970000000.0,284850000.0,Dec 2022,01-12-2022,0.0,EQUAL
President Of India,472297,President Of India,51.12,543242,HEMIPROP,200.0,56970000000.0,284850000.0,Mar 2023,01-03-2023,0.0,EQUAL
President Of India,472298,President Of India,51.12,543242,HEMIPROP,200.0,56970000000.0,284850000.0,Jun 2023,01-06-2023,0.0,EQUAL
President Of India,472299,President Of India,51.12,543242,HEMIPROP,200.0,56970000000.0,284850000.0,Sep 2023,01-09-2023,0.0,EQUAL
President Of India,472300,President Of India,51.12,543242,HEMIPROP,200.0,56970000000.0,284850000.0,Dec 2023,01-12-2023,0.0,EQUAL
President Of India,472301,President Of India,51.12,543242,HEMIPROP,200.0,56970000000.0,284850000.0,Mar 2024,01-03-2024,0.0,EQUAL
President Of India,472302,President Of India,51.12,543242,HEMIPROP,200.0,56970000000.0,284850000.0,Jun 2024,01-06-2024,0.0,EQUAL
President Of India,475308,President Of India,74.93,541143,BDL,1316.0,482300000000.0,366489361.7021277,Sep 2021,01-09-2021,46.576682316118955,UP
President Of India,475309,President Of India,74.93,541143,BDL,1316.0,482300000000.0,366489361.7021277,Dec 2021,01-12-2021,0.0,EQUAL
President Of India,475310,President Of India,74.93,541143,BDL,1316.0,482300000000.0,366489361.7021277,Mar 2022,01-03-2022,0.0,EQUAL
President Of India,475311,President Of India,74.93,541143,BDL,1316.0,482300000000.0,366489361.7021277,Jun 2022,01-06-2022,0.0,EQUAL
President Of India,475312,President Of India,74.93,541143,BDL,1316.0,482300000000.0,366489361.7021277,Sep 2022,01-09-2022,0.0,EQUAL
President Of India,475313,President Of India,74.93,541143,BDL,1316.0,482300000000.0,366489361.7021277,Dec 2022,01-12-2022,0.0,EQUAL
President Of India,475314,President Of India,74.93,541143,BDL,1316.0,482300000000.0,366489361.7021277,Mar 2023,01-03-2023,0.0,EQUAL
President Of India,475315,President Of India,74.93,541143,BDL,1316.0,482300000000.0,366489361.7021277,Jun 2023,01-06-2023,0.0,EQUAL
President Of India,475316,President Of India,74.93,541143,BDL,1316.0,482300000000.0,366489361.7021277,Sep 2023,01-09-2023,0.0,EQUAL
President Of India,475317,President Of India,74.93,541143,BDL,1316.0,482300000000.0,366489361.7021277,Dec 2023,01-12-2023,0.0,EQUAL
President Of India,475318,President Of India,74.93,541143,BDL,1316.0,482300000000.0,366489361.7021277,Mar 2024,01-03-2024,0.0,EQUAL
President Of India,475319,President Of India,74.93,541143,BDL,1316.0,482300000000.0,366489361.7021277,Jun 2024,01-06-2024,0.0,EQUAL
